Card Name,Card Link,ÁTE tájékoztatás,EREN-re vihető,Veszély típusa 3.,Veszély típusa 2.,Veszély típusa,Veszély jellemzése,Keywords,2. SZŰRÉS,Tájékoztató kész,"Dokumentum, publikáció az üggyel kapcsolatban 2.",Információforrás megnevezése/affiliációja,Információ elsődleges forrása,"Dokumentum, publikáció az üggyel kapcsolatban",Intézkedés megtörtént,További intézkedések,2. SZŰRÉS Kockázatkezelési lehetőség ismert?,2. SZŰRÉS Súlyosság,2. SZŰRÉS Mérték,2. SZŰRÉS Időbeli közelség,2. SZŰRÉS Megalapozottság,2. SZŰRÉS összpontszáma,1. SZŰRÉS,2. SZŰRÉS EREDMÉNYE,1. SZŰRÉS eredménye,Előszűrés,Titkos ügykezelést igényel,Esemény típusa,Újraértékelés rendszeressége,"Dokumentum, publikáció az üggyel kapcsolatban 3.",Milyen driver hat rá?,Driver hatás,1. SZŰRÉS indoklása,Esemény (kockázat megjelenésének) dátuma,Információhoz való hozzáférés dátuma,Intézkedés leírása,Minek köszönhető a megnövekedett kitettség/érzékenység?,Signal,Értesítendő szerv,Előszűrés indoklása,HAZARDcat 1,PRODcat 1,DRIVERs 1,EREN status,HAZARDcat 2,PRODcat 2,DRIVERs 2,NÉBIH tájékoztatás,2. SZŰRÉS indoklása,Jelezni kell társintézménynek
Micro- and nanoplastics,https://trello.com/c/5f071454630b321f7ec4639c,Kész,Kész (már volt EREN-en),,Csomagolásból kioldódó anyag,Technológiai eredetű szennyezőanyag,"The effects of micro- and nanomaterials on plants, animals and humans are not yet clear, nor is it clear whether the plastic pieces themselves or the substances that leach from them could be the cause of the problem.",#microplastics #nanoplastics #accumulation,III. FÁZIS,true,Publikáció,EMM media monitoring + EREN,Médiából,Médiamegjelenés,true,Kommunikáció,3 (nem),Nincs elég információ,Nincs elég információ,4,3,10,Ismert veszély és megnövekedett kitettség,Több információ szükséges,Több információ szükséges,Továbbkerül az I. FÁZIS-ba,Nem igényel,Egészségügyi,1 év,Előadás,"Environmental pollution, consumerism",true,"The possible health effects are not yet clear, there are many uncertainties and more information is needed.",2020-06-23T10:00:00.000Z,2020-07-01 10:00:00+00:00,,,,,,,,,,,,,,,
Migration From Food Contact Materials,https://trello.com/c/62025cc4b20389551fd00bba,Kész,,,Kémiai veszély,Csomagolásból kioldódó anyag,"Harmful compounds, chemicals, and other materials can migrate into food, potentially causing food safety issues.",#FCM #Foodcontactmaterial #Foodmigration,,true,Jogszabály,,Szakfolyóiratból,Publikáció,true,Kommunikáció,1 (igen),2,3,3,3,12,,,,,,Egészségügyi,,,,,,,2022-02-08 11:00:00+00:00,ATE website communication,,,,,,,,,,,,,,
Antimicrobial Resistance Collection Card,https://trello.com/c/601a6fab9904dd1fe699a2b9,Kész,,,Baktérium,Mikrobiológiai veszély,Antimicrobial resistance (AMR) is a growing global threat which could cause the death of tens of thounds of people annually.,#AMR #antimicrobial#resistance,,true,Jogszabály,,Szakfolyóiratból,Publikáció,true,Kommunikáció,1 (igen),4,3,3,4,15,,,,,Nem igényel,Egészségügyi,,,,,,2021-02-01T11:00:00.000Z,2021-02-01 11:00:00+00:00,ATE website communication,Excessive use of antibiotics,,,,,,,,,,,,,
Sustainable packaging,https://trello.com/c/6304a0ee7981bc152cc58242,Kész,,,,,"Pollution: Inadequate management of industrial growth can lead to air, water, and soil pollution, impacting human health.    Resource Depletion: Overuse of resources can lead to scarcity, affecting food and water security and leading to health issues.    Climate Change: Failing to address climate change can result in extreme weather events, affecting health through heatwaves, floods, and the spread of diseases.    Inequality: If sustainable development does not address social disparities, vulnerable populations may face health risks due to lack of access to healthcare and resources.    Biodiversity Loss: The reduction in biodiversity can affect ecosystem services that are vital for health, such as clean air and water.",#Environmental Protection#Economic Growth#Social Equity#Resource Efficiency#Climate Change#Renewable Energy#Biodiversity  Circular#Economy  Green#Technology#Carbon Footprint#Public Health#Conservation#Ecosystem Services#Sustainable Agriculture#Energy Efficiency#Waste Management#Water Security#Social Inclusion#Urban Planning#Resilience,,,,,,,true,,,,,,,,,,,,,,,,,,,,2022-09-20 10:00:00+00:00,,,,,,,,,,,,,,,
Methods to stop AMR,https://trello.com/c/605072979165ba1bf1701e89,Kész,,,,Baktérium,"Toxicity: Some antimicrobial peptides can be toxic to human cells, leading to potential side effects.    Resistance Development: While less likely than with traditional antibiotics, there is still a risk that microbes could eventually develop resistance to peptides.    Allergic Reactions: Peptides might trigger immune responses or allergic reactions in some individuals.    Stability and Delivery: Peptides can be unstable in the body and may require specialized delivery systems to be effective, complicating treatment.    Cost and Production: Synthesizing peptides can be expensive, potentially limiting accessibility and widespread use.    Regulatory Challenges: New treatments face rigorous testing and approval processes, which can delay availability.",#AMR#antibiotic#phage therapy#antimicrobial peptide,,true,,,,,true,,,Nincs elég információ,2,3,2,7,,,,Kiesik 1.,,Egészségügyi,,,,,,2021-03-02T11:00:00.000Z,2021-02-03 11:00:00+00:00,,,,,,,,,,,,,,,
Spread of H5N1,https://trello.com/c/646c8c8ec6b283d855164690,Kész,,,,Vírus,Highly pathogenic avian influneza is a highly contagious and have zoonotic potential,#HPAI#Avianinfluenza#zoonosis,Több információ szükséges,true,,,Szakfolyóiratból,,true,Kommunikáció,1 (igen),2,3,3,3,12,Új veszély és szignifikáns kitettség,Több információ szükséges,II. FÁZIS,,,Gazdasági és egészségügyi,3 hónap,,,,,,2023-08-08 10:00:00+00:00,ÁTE website communication,New strain of HPAI,,,,,,,,,,,,,
Major Gap in Public Safety From Contaminated Gloves Identified - “Don’t be cheap” Says Industry Veteran,https://trello.com/c/65604efc8094f56fc648be2e,Kész,,,Kémiai veszély,Mikrobiológiai veszély,Protective gloves used in the food industry doesn’t require to be tested for microbiological or chemical contamination which can cause various potential health issues,#glove contamination #potential health issue,,true,,EMM,Médiából,Médiamegjelenés,true,,3 (nem),Nincs elég információ,3,4,3,13,Új bizonyíték veszély jellemzéséhez,III. FÁZIS,II. FÁZIS,,,Egészségügyi,,,,,,,2023-11-17 11:00:00+00:00,,,,,,,,,,,,,,,
New Evidence That Ultra-Processed Foods May Increase Cancer Risk,https://trello.com/c/63f47bc37b8bf00bcec73895,Kész,,,,Kémiai veszély,ultra-processed food increase cancer risk,#ultra-processed food #cancer #addiction,,true,Publikáció,EMM,Médiából,Médiamegjelenés,true,,3 (nem),4,Nincs elég információ,4,4,15,Új bizonyíték veszély jellemzéséhez,III. FÁZIS,II. FÁZIS,Továbbkerül az I. FÁZIS-ba,Nem igényel,Egészségügyi,3 hónap,,,,,,2023-02-14 11:00:00+00:00,,,,,,,,,,,,,,,
Mosquito vector transmitted diseases (arboviruses),https://trello.com/c/6503fa3501a6aecaaaf795c6,,,,,,,,,,,EMM,Médiából,,,,,,,,,,,,,,,,,,,,,,2023-09-08 10:00:00+00:00,,,,,,,,,,,,,,,
Japanese officials inspect 2 factories making health supplements linked to 5 deaths,https://trello.com/c/662766ceffd85d049c864f1e,,,,,,,,,,,EMM,Médiából,,,,,,,,,,,,,,,,,,,,,,2024-04-16 10:00:00+00:00,,,,,,,,,,,,,,,
Alarming superbug from deadly eyedrop outbreak has spread to dogs,https://trello.com/c/66559a9f90d92146807010fa,,,,Mikrobiológiai veszély,Baktérium,An extensively drug-resistant Pseudomonas aeruginosa strain inked to the 2022–2023 US artificial-tears resistance outbreak been detected in two pet dogs,#AMR #transmission route #clonal relatedness #,,,,EMM,Médiából,Médiamegjelenés,,,,,,,,,,,,,,,,,,,,,2024-05-21 10:00:00+00:00,,,,,,1.3.2.2 Bacteria,3.7 Pets,,,,,,,,
Shocking proposals to EU Listeria regulation revealed,https://trello.com/c/66559ad7b1f8cef47da0f1e7,,,,Baktérium,Mikrobiológiai veszély,The number of cases of listeriosis in humans in the EU was 15.9% higher in 2022 than in 2021,#listeriosis #foodborn disease,,,,EMM,Médiából,Médiamegjelenés,,,,,,,,,,,,,,Egészségügyi,,,,,,,2024-05-21 10:00:00+00:00,,,,,,1.3.2.2.15           Listeria,2 Food,,,,,,,,
Toxoplasma in salad -results from a European multi-countries survey (OHEJP project TOXOSOURCES),https://trello.com/c/667149a89ec92796020e9f98,,,,,,,,,,,EREN,Más külföldi intézménytől/szervezettől,,,,,,,,,,,,,,,,,,,,,,2024-05-23 10:00:00+00:00,,,,,,,,,,,,,,,
"HPAI in cattle, cats and humans",https://trello.com/c/667155c394608c9af42d9d55,,,,,,,,,,,EREN,Más külföldi intézménytől/szervezettől,,,,1 (igen),2,2,3,3,11,,,,,,,,,,,,,2024-05-23 10:00:00+00:00,,,,,,,,,,,,,,,
Methanogenesis inhibitors,https://trello.com/c/668d1c513e5f047b1919a32f,,,,,,,,,,,EREN,Más külföldi intézménytől/szervezettől,,,,,,,,,,,,,,,,,,,,,,2024-05-23 10:00:00+00:00,,,,,,,,,,,,,,,
Lead in cinnamon,https://trello.com/c/66cd7c00d922a0e86e7fc40b,,,,,,,,,,,EMM,Médiából,,,,,,,,,,,,,,,,,,,,,,2024-08-13 10:00:00+00:00,,,,,,,,,,,,,,,
Performance of Artificial Diets for Zelus renardii (Hemiptera: Reduviidae) Rearing,https://trello.com/c/66e94346043b70b04d38c607,,,,,Biológiai veszély,"The insect itself (e.g., mortality, development, reproduction)  Human health (if there’s exposure risk from rearing systems or residues)  Environmental or food chain safety (if LABs are used in IPM and released into ecosystems)",Zelus renardii  Leafhopper Assassin Bug (LAB)  Artificial diets  Biocontrol  Xylella fastidiosa  Olive fruit fly  Live prey,,,,EMM,Szakfolyóiratból,,,,,2,3,3,2,,,,,,,Gazdasági és egészségügyi,,,,,,,2024-09-10 10:00:00+00:00,,,,,,1.2 Chemical,1.2 Compound feeds,4.2 Industrialisation of agriculture,,,,,,,
Foodborne outbreaks caused by Yersinia spp.,https://trello.com/c/674305328ed18f73e4b12436,,,,,,,,,,,EREN,Más külföldi intézménytől/szervezettől,,,,,,,,,,,,,,,,,,,,,,2024-10-28 11:00:00+00:00,,,,,,,,,More information needed,,,,,,
EU Warns of Safety Concerns Regarding Lemon Yellow as a Feed Additive in Freshwater Fish Bait,https://trello.com/c/67580149648fac48b538b7f6,,,,,,,,,,,EMM,Médiából,,,,,,,,,,,,,,,,,,,,,,2024-12-03 11:00:00+00:00,,,,,,,,,,,,,,,
Fatty fried food toxins as triggering stimuli to immune system interplay in global autoimmune diseases,https://trello.com/c/678f5c697cf159cb5991e957,,,,,,,,,,,EMM,Médiából,,,,,,,,,,,,,,,,,,,,,,2025-01-14 11:00:00+00:00,,,,,,,,,,,,,,,
Will the EU decrease the permitted levels of mercury in tuna?,https://trello.com/c/678f5e4b1bc345bd88275a37,,,,,,,,,,,EMM,Médiából,,,,,,,,,,,,,,,,,,,,,,2025-01-14 11:00:00+00:00,,,,,,,,,,,,,,,
"The European Commission has presented its ""Vision for Agriculture and Food""",https://trello.com/c/67f4d9755a0e378c07bf1c01,,,,,,,,,,,EMM,Médiából,,,,,,,,,,,,,,,,,,,,,,2025-04-01 10:00:00+00:00,,,,,,,,,,,,,,,
Fact check: Are Europeans being forced to eat dangerous insects?,https://trello.com/c/67fcaa4a6ef9395041855b23,,,,,,,,,,,EMM,Médiából,,,,,,,,,,,,,,,,,,,,,,2025-04-01 10:00:00+00:00,,,,,,,,,,,,,,,
EU monitors new substances in surface waters to assess their impact on health and the environment,https://trello.com/c/68074ba819a403e765353769,,,Környezeti eredetű szennyezőanyag,Növényvédő szermaradék,Kémiai veszély,"Persistence: Many (e.g., 6PPD-quinone) resist degradation → long-term accumulation.  Bioaccumulation: Lipophilic compounds (e.g., oxybenzone) magnify up food chains.",,,,,EMM,Médiából,,,,,3,4,4,3,14,,,,,,,,,,,,,2025-04-15 10:00:00+00:00,,,,,,1.2.2.2 Toxins,2.4 Beverages,8.6 Environmental pollution,,1.2.3.1 Pesticide residues,2.2.1.4 Fish and fish products,,,,
Maternal Diet Influences ADHD and Autism Risk,https://trello.com/c/68074bd180f77208bace8663,To Do,,,,,,#adhd #autism #diet #processedfood,,,,EMM,Médiából,Publikáció,,,,,,,,,,,,Kiesik 1.,,,,,,,,,2025-04-15 10:00:00+00:00,,,,,,,,,,,,,,,
Europe prepares response to US tariffs,https://trello.com/c/68074bfd653533704ce4e6b1,,,,,Növényvédő szermaradék,"EU plans to restrict imports of agricultural products grown with banned chemicals, mainly targeting U.S. goods and raising concerns over trade and consumer prices.",#EU #pesticides #regulations #tariffs #trade,,,,EMM,Médiából,,,,,,,,,,,,,,Nem igényel,Gazdasági és egészségügyi,,,,,,,2025-04-15 10:00:00+00:00,,,true,,,,,"1.1 EU, USA, China, Russia political decisions and governance",,,,2.1 Globalisation of trade in food and feed,,,
PAN Europe wants to ban deltamethrin,https://trello.com/c/68074c5ee42c17e55a131986,,,,,Növényvédő szermaradék,"PAN Europe urged the EU to ban deltamethrin, citing new evidence of its neurotoxic effects and criticizing its overdue regulatory review.",#pesticides #delatmethrin #neurotoxicity #ban #EU,,,,EMM,Médiából,,,,,,,,,,,,,,Nem igényel,Egészségügyi,,,,,,,2025-04-15 10:00:00+00:00,,,,,,1.2.3.1 Pesticide residues,,,,1.2.3.2 Residues of veterinary medicinal products,,,,,
"Salmonella outbreak linked to alfalfa is ‘widespread,’ EU health and food safety authorities warn",https://trello.com/c/68074c7fa525d1b271a6f3c7,,,,Biológiai veszély,Baktérium,,#salmonella#sprouted#alfalfa#lucerne#zoonosis#outbreak,,,,EMM,Médiából,Publikáció,,,,,,,,,,,,,,,,,,,,,2025-04-15 10:00:00+00:00,,,,,,1.3.2.2.17 Salmonella,2.1.10 Other food of plant origin,2.1 Globalisation of trade in food and feed,,,,7.2 Diversification and polarisation of diets and lifestyles,,,
Are the agri-food sector's efforts to reduce cow gas emissions just hot air?,https://trello.com/c/68074caca7c4fc8917988bf5,,,,,Adalékanyag,"Food companies like Nestlé are using methane-reducing cow feed additives to meet climate goals, but consumer health concerns and questions about long-term effectiveness persist.",#gasemission#cows#additives#boaver,,,,EMM,Médiából,,,,,,,,,,,,,,Nem igényel,Gazdasági és egészségügyi,,,,,,,2025-04-15 10:00:00+00:00,,,,,,1.2.8 Feed additives,,8.6 Environmental pollution,,,,7.6 Scepticism of consumers towards new food and food-related technologies,,,
"Vegetarian diet: benefits for your health, but beware of deficiencies",https://trello.com/c/683561c91ce775803f17f2ab,,,,,,,,,,,EMM,Médiából,,,,,,,,,,,,,,,,,,,,,,2025-04-22 10:00:00+00:00,,,,,,,,,,,,,,,
"'Xylella', the bacterium that kills olive trees, arrives in the Sierra de Gata",https://trello.com/c/68356a3e93f68bd81e202135,,,,,Baktérium,"Trade of Infected Plants:  Nursery stock (e.g., coffee, polygala) imported from endemic regions (Americas, Asia).  EU Example: 2013 Puglia outbreak linked to Costa Rican ornamental plants.  Natural Spread:  Insect vectors transmit Xylella to wild/agricultural plants (up to 1.5 km/year).  Human Activities:  Pruning tools, agricultural machinery, and grafting spread the bacterium.",@Xylella fastidiosa@Plant-pathogenic bacteria@Olive trees @Almonds@Grapevines @Citrus crops,,,,EMM,Médiából,,,,,3,2,4,4,13,,,,,,Gazdasági,,,,,,,2025-04-22 10:00:00+00:00,,,,,,1.3.2.2 Bacteria,2.1.11 Other plants,2.1 Globalization of trade in food and feed,,,,,,,
Foot-and-mouth disease,https://trello.com/c/68356acdc5b3b7a150db9c70,,,,,Vírus,"Romanian farmer federations demand a full ban on animal product imports from FMD-affected neighbors, citing biosecurity failures and economic risk, while authorities maintain partial restrictions and disinfection measures pending EU clearance.",#FMD #Biosecurity #Regulation #Economy #Litigation,,,Médiamegjelenés,EMM,Médiából,Médiamegjelenés,,,,,,,,,,,,,Nem igényel,Gazdasági és egészségügyi,,Médiamegjelenés,,,,,2025-04-22 10:00:00+00:00,,,,,,1.3.2.1 Viruses,,7.5 Increasing concern about risks related to food safety and food chain inputs,,,,2.1 Globalisation of trade in food and feed,,,
"Farmers need these sprays. ""It makes things worse""",https://trello.com/c/68356ba22c3ba87d1a6c13b1,,,,,,,,,,,EMM,Médiából,,,,,,,,,,,,,,,,,,,,,,2025-04-29 10:00:00+00:00,,,,,,,,,,,,,,,
"Ministry: Ethanol is a carcinogen, attitude towards alcohol must be reassessed",https://trello.com/c/68356c22a8d9be759d14c4f6,,,,,,,,,,,EMM,Médiából,,,,,,,,,,,,,,,,,,,,,,2025-04-29 10:00:00+00:00,,,,,,,,,,,,,,,
Pesticides related to Parkinson's disease,https://trello.com/c/66559a824ed34814474496c8,,,,,Növényvédő szermaradék,szermaradvány termékekben,#pesticide #parkinsons #applejuice,,,,EMM,Médiából,Médiamegjelenés,,,,,,,,,Ismert veszély és megnövekedett kitettség,,II. FÁZIS,Továbbkerül az I. FÁZIS-ba,,,,,,,11 pont <,,2024-05-21 10:00:00+00:00,,,,,,,,,,,,,,,
Streptococcus suis: A potentially underreported emerging zoonotic pathogen,https://trello.com/c/683ebeaa13f5c100f2c9ca17,,Kész (már volt EREN-en),,,,,,,,,EREN,Más külföldi intézménytől/szervezettől,,,,,,,,,,,,,,,,,,,,,,2025-05-12 10:00:00+00:00,,,,,,,,,,,,,,,
Antiparasitic drug resistance,https://trello.com/c/6851377878b33ef0b661e745,,,Kémiai veszély,Parazita,Biológiai veszély,"Antiparasitic drug resistance in soil-transmitted helminths is a rapidly intensifying global threat that undermines livestock health, reduces treatment efficacy, and increases zoonotic transmission risks, demanding urgent development of sustainable control measures.",#soil-transmittedhelminths#STHs#antiparasiticdrugresistance#ruminants#multidrugresistance#parasitemanagement#zoonotictrasmissionrisk,,,Előadás,EREN,Más külföldi intézménytől/szervezettől,Publikáció,,,,,,,,,,,,,,Egészségügyi,,,,,,,2025-05-12 10:00:00+00:00,,,,,,1.3.3 Parasites,2.2 Food of animal origin,"5.4 Increase in productivity from other primary production technologies (e.g. management practices, aquaculture)",,,,8. Climate change,,,
Emerging Risks in Bio-Based Food Packaging - Gyűjtőkártya lesz,https://trello.com/c/68513863abc4f2d60f8dc963,,,,,,,,,,,EREN,Más külföldi intézménytől/szervezettől,,,,,,,,,,,,,,,,,,,,,,2025-05-12 10:00:00+00:00,,,,,,,,,,,,,,,
Illicit use of Cafodos as a fish preservative,https://trello.com/c/68513932a4129553ece814e8,,,,,,,,,,,,,,,,,,,,,,,,,,,,,,,,,,2025-05-12 10:00:00+00:00,,,,,,,,,,,,,,,
Popillia japonica: the 2025 action plan to contain its spread is underway,https://trello.com/c/6863da415aae5bc073dbe695,,,,,,,,,,,EMM,Médiából,,,,,,,,,,,,,,,,,,,,,,2025-07-01 10:00:00+00:00,,,,,,,,,,,,,,,
How will the EU prevent the import of foods treated with banned pesticides?,https://trello.com/c/6863dae3d626183fb42d0d42,,,,,,,,,,,EMM,Médiából,,,,,,,,,,,,,,,,,,,,,,2025-07-02 10:00:00+00:00,,,,,,,,,,,,,,,
New EC requirements might affect sprat production: Agriculture Minister,https://trello.com/c/6863db04e4f1912e4ba6ee93,,,,,,,,,,,EMM,Médiából,,,,,,,,,,,,,,,,,,,,,,2025-07-02 10:00:00+00:00,,,,,,,,,,,,,,,
Haribo recalls popular sweets after family falls ill from cannabis-laced candy,https://trello.com/c/6863db4ee042d9f8319057c9,,,,,,,,,,,EMM,Médiából,,,,,,,,,,,,,,,,,,,,,,2025-07-02 10:00:00+00:00,,,,,,,,,,,,,,,
Milk analogue made from fish (fish milk),https://trello.com/c/68765c1fb60553e6b45e8511,,Kész (már volt EREN-en),,,,,,,,,EREN STADG-Er,Más külföldi intézménytől/szervezettől,,,,,,,,,,,,,,,,,,,,,,2025-05-12 10:00:00+00:00,,,,,,,,,,,,,,,
Baby herbal tea: Estragole as a problem,https://trello.com/c/68765cec7dd2be3a1047c15b,,,,,,,,,,,EREN,Más külföldi intézménytől/szervezettől,,,,,,,,,,,,,,,,,,,,,,2025-05-12 10:00:00+00:00,,,,,,,,,,,,,,,
Werewolf Syndrome in dogs linked to Contaminated Chews from China,https://trello.com/c/68765d20c9148cbfa71d060c,,,,,Kémiai veszély,"Acute health effects on dogs:  Panic attacks, unjustified aggression.  Muscle twitching, epileptic-like seizures.  In severe cases, fatal outcome.  Effects on other animals/humans:  No immediate danger, but the source of contamination poses an environmental risk.",@WerewolfSyndrome @ContaminatedChews @ChinaImports @FoodStandardsUK @PetFoodSafety @DogHealthAlert @ToxicTreats @EUFoodRegulations @VetWarning @SupplyChainRisk @FSA_Alert,,,,EREN,Más külföldi intézménytől/szervezettől,,,,,3,2,3,3,11,,,,,,,,,,,,,2025-05-12 10:00:00+00:00,,,,,,1.2 Chemical,1.2.2 Pet food,2.1 Globalization of trade in food and feed,,,,,,,
Ants smuggling,https://trello.com/c/68765d4e046dc02b71a8b63a,,,,,Biológiai veszély,"Likelihood: High probability of establishment due to:  Thriving global black market (particularly via online platforms)  Small size and ease of transport enabling undetected smuggling  Growing popularity of ant-keeping as a hobby  Severity: Potentially severe consequences including:  Ecosystem disruption through invasive species competition  Agricultural damage (estimated € millions in potential crop losses)  Biodiversity reduction in affected regions  Possible introduction of novel pathogens  Vulnerabilities:  Current regulatory gaps in invertebrate trade controls  Limited public awareness of ecological risks  Inadequate border screening for small organisms  Risk Level: Moderate to high, with the potential for exponential increase if trade continues unchecked. The risk is particularly acute for tropical species being introduced to temperate climates where natural predators may be absent.",#AntSmuggling #InvasiveSpecies #WildlifeTrade #BiodiversityRisk,,,,EREN,Más külföldi intézménytől/szervezettől,,,,,3,2,3,3,11,,,,,,,,,,,,,2025-05-12 10:00:00+00:00,,,,,,1.3 Biological,3 Live animals,2. Global trade,,,,,,,
Cottony Scale Spreads in Europe,https://trello.com/c/68765d7a77917311a842d32d,,,,,,,,,,,EREN,Más külföldi intézménytől/szervezettől,,,,,,,,,,,,,,,,,,,,,,2025-05-12 10:00:00+00:00,,,,,,,,,,,,,,,
Scientists say Fukushima water discharge risk is ‘underestimated’,https://trello.com/c/68765db168fb43db1e873123,,,,,,,,,,,EMM,Médiából,,,,,,,,,,,,,,,,,,,,,,2025-05-12 10:00:00+00:00,,,,,,,,,,,,,,,
Food and Beverage Air Filtration Guide by Camfil Canada Exposes Risks of Poor Indoor Air Quality,https://trello.com/c/68bfcb2abf82a538f487ceba,,,Egyéb veszély,Gomba,Baktérium,"Camfil Canada warns that inadequate air filtration in food processing endangers food safety and worker health, urging adoption of high-efficiency filters amid weak national air quality standards.",#AirQuality #Filtration #FoodSafety #Contamination #Regulation,,,Médiamegjelenés,EMM,Médiából,Médiamegjelenés,,,,,,,,,,,,,Nem igényel,Egészségügyi,,Médiamegjelenés,,,,,2025-07-29 10:00:00+00:00,,,,,,1.3.2.2 Bacteria,,7.5 Increasing concern about risks related to food safety and food chain inputs,,1.3.2.3 Fungi,,,,,
Fish Sludge as Feed in Circular Bioproduction,https://trello.com/c/68bfcbe4455186330e80c8be,,,Mikrobiológiai veszély,Kémiai veszély,Technológiai eredetű szennyezőanyag,The review finds fish sludge could support sustainable invertebrate feed production but remains banned in the EU due to chemical safety concerns and limited data.,#FishSludge #Invertebrates #Feed #Contaminants #Regulation,,,Médiamegjelenés,EMM,Médiából,Médiamegjelenés,,,,,,,,,,,,,Nem igényel,Gazdasági és egészségügyi,,Médiamegjelenés,,,,,2025-08-05 10:00:00+00:00,,,,,,1.2.8 Feed additives,,8.3 Changing agricultural productivity according to species and regions,,1.2.1 Environmental contaminants,,7.5 Increasing concern about risks related to food safety and food chain inputs,,,
Swiss study revealed significant pesticide exposure in children aged 6-13,https://trello.com/c/68bfccbceebb1812be8b3193,,,,,,,,,,,EMM,Médiából,,,,,,,,,,,,,,,,,,,,,,2025-08-12 10:00:00+00:00,,,,,,,,,,,,,,,
Lumpy Skin Disease spreading in France and Italy,https://trello.com/c/68bfcd1f33950857f48e3736,,,,,Vírus,"Lumpy Skin Disease has re-emerged in Europe, spreading from Italy to France and threatening cattle herds and farm economies despite strict EU surveillance and vaccination bans.",#LumpySkinDisease #Cattle #Outbreak #Biosecurity #Economy,,,Médiamegjelenés,EMM,Médiából,,,,,,,,,,,,,,Nem igényel,Gazdasági és egészségügyi,,Médiamegjelenés,,,,,2025-08-12 10:00:00+00:00,,,,,,1.3.2.1 Viruses,,4.1 Food systems structure,,,,,,,
"Bluetongue Disease Detected in Kyustendil Region, Animals To Be Treated",https://trello.com/c/68dac129f1a5c889d2ebaae0,,,,,Vírus,"Bulgaria reported its first bluetongue serotype 8 outbreak in sheep near the Serbian border, prompting movement restrictions and surveillance but no culling, amid similar regional cases.",#Bluetongue #Ruminants #Outbreak #Surveillance #Economy,,,Médiamegjelenés,EMM,Médiából,,,,,,,,,,,,,,Nem igényel,Gazdasági és egészségügyi,,Médiamegjelenés,,,,,2025-09-16 10:00:00+00:00,,,,,,1.3.2.1 Viruses,,4.1 Food systems structure,,,,,,,
EU to call for full lifecycle plastics in crucial talks to limit them,https://trello.com/c/68dac15c088beea96190db6d,,,,,,,,,,,EMM,Médiából,,,,,,,,,,,,,,,,,,,,,,2025-09-16 10:00:00+00:00,,,true,,,,,,,,,,,,
Armored seeds and biodiversity,https://trello.com/c/68dac18fe54cf3f7633ec68d,,,,,,,,,,,EMM,Médiából,,,,,,,,,,,,,,,,,,,,,,2025-09-16 10:00:00+00:00,,,,,,,,,,,,,,,
They manage to modify the tobacco plant so that it does not have nicotine,https://trello.com/c/68dac1bd518ac2db06ea71b5,,,,,,,,,,,EMM,Médiából,,,,,,,,,,,,,,,,,,,,,,2025-09-16 10:00:00+00:00,,,,,,,,,,,,,,,
Found in Austria – this insect is really dangerous,https://trello.com/c/68dac1f932807203bab5660f,,,,,,,,,,,EMM,Médiából,,,,,,,,,,,,,,,,,,,,,,2025-09-16 10:00:00+00:00,,,,,,,,,,,,,,,
Hidden hunger,https://trello.com/c/68dac22eb220d1e20fa33c77,,,,,,,,,,,EMM,Médiából,,,,,,,,,,,,,,,,,,,,,,2025-09-23 10:00:00+00:00,,,,,,,,,,,,,,,
"Pollution, overuse and climate change threaten Europe's water resilience.",https://trello.com/c/68dac266876d4d3d38d4f5b8,,,,,,,,,,,EMM,Médiából,,,,,,,,,,,,,,,,,,,,,,2025-09-23 10:00:00+00:00,,,,,,,,,,,,,,,
Pet Cuddling Risks: How Close Contact Can Be Lethal for Pet Owners (Pet Owners Warned: Common skin Treatments Pose Hidden Dangers To Beloved Animals),https://trello.com/c/68dac2c4ec28ddb0350b7f76,,,,,Egyéb,"Hormone-based drugs and hair treatments like minoxidil can fatally poison pets through contact or licking, prompting safety warnings for pet owners and families.",#PetPoisoning #Minoxidil #Hormones #Toxicity #Exposure,,,Médiamegjelenés,EMM,Médiából,Médiamegjelenés,,,,,,,,,,,,,Nem igényel,Egészségügyi,,Médiamegjelenés,,,,,2025-09-23 10:00:00+00:00,,,,,,4 Other hazards,,,,,,,,,
Risks related to coffee consumption/coffee beans,https://trello.com/c/68dac34003aad9c4d75c4a24,,,,,,,,,,,EMM,Médiából,,,,,,,,,,,,,,,,,,,,,,2025-09-23 10:00:00+00:00,,,,,,,,,,,,,,,
"Fastac, a pesticide banned in Europe, continues to be manufactured near Lyon",https://trello.com/c/68dac3961ece27aa6d25beb0,,,,,,,,,,,EMM,Médiából,,,,,,,,,,,,,,,,,,,,,,2025-09-23 10:00:00+00:00,,,,,,,,,,,,,,,
Experts warn of Salmonella Dublin: Cattle-born superbug that is spreading to humans,https://trello.com/c/68dac3c359ccc088ad9abecd,,,,,,,,,,,EMM,Médiából,,,,,,,,,,,,,,,,,,,,,,2025-09-23 10:00:00+00:00,,,,,,,,,,,,,,,
The potential spread of Shewanella spp.,https://trello.com/c/68f624e5e17351b14d3b338d,,,,,,,,,,,EREN,Más külföldi intézménytől/szervezettől,,,,,,,,,,,,,,,,,,,,,,2025-10-21 10:00:00+00:00,,,,,,,,,,,,,,,
Foodborne diseases caused by Klebsiella spp.,https://trello.com/c/68f625ad4bd35df77c4126b7,,,,,,,,,,,EREN,Más külföldi intézménytől/szervezettől,,,,,,,,,,,,,,,,,,,,,,2025-10-21 10:00:00+00:00,,,,,,,,,,,,,,,
PUBLISH ASAP - Zoonotic potential of Corynebacterium silvaticum and its occurrence in Europe,https://trello.com/c/68f6269ee7a6c7aa87194040,,,,,,,,,,,EREN,Más külföldi intézménytől/szervezettől,,,,,,,,,,,,,,,,,,,,,,2025-10-21 10:00:00+00:00,,,,,,,,,,,,,,,
Oropouche virus: a potentially emerging risk for europe,https://trello.com/c/68f627c00d338af8a28f51b3,,,,,,,,,,,EREN,Más külföldi intézménytől/szervezettől,,,,,,,,,,,,,,,,,,,,,,2025-10-21 10:00:00+00:00,,,,,,,,,,,,,,,
Probiotics and Antibiotic Resistance: Emerging Risks and Regulatory Challenges,https://trello.com/c/68f6288a2e842c76398d48e5,,,,,,,,,,,EREN,Más külföldi intézménytől/szervezettől,,,,,,,,,,,,,,,,,,,,,,2025-10-21 10:00:00+00:00,,,,,,,,,,,,,,,
Human infection with Type 1 avian paramyxoviruses (APMV 1),https://trello.com/c/68f629f0d908534a3973df39,,,,,,,,,,,EREN,Más külföldi intézménytől/szervezettől,,,,,,,,,,,,,,,,,,,,,,2025-10-21 10:00:00+00:00,,,,,,,,,,,,,,,
"Chloropicrin, a banned chemical with agricultural fumigant properties",https://trello.com/c/68f62b06a5bd12e4960cb483,,,,,,,,,,,EREN,Más külföldi intézménytől/szervezettől,,,,,,,,,,,,,,,,,,,,,,2025-10-21 10:00:00+00:00,,,,,,,,,,,,,,,
More shrimp sold at Kroger stores recalled for possible radioactive contamination,https://trello.com/c/6909b1a07af38ee4c91a028b,,,,,,,,,,,EMM,Médiából,,,,,,,,,,,,,,,,,,,,,,2025-10-21 10:00:00+00:00,,,,,,,,,,,,,,,
Acetamiprid,https://trello.com/c/6909b238a87a4baf79fc4346,,,,,,,,,,,EMM,Médiából,,,,,,,,,,,,,,,,,,,,,,2025-10-21 10:00:00+00:00,,,,,,,,,,,,,,,
Emerging viruses special issue regarding fruites and vegetables,https://trello.com/c/654de17dad8586f366156e42,,,,,,,,,,,EMM,Médiából,,,,,,,,,,,,,,,,3 hónap,,,,,,2023-11-08 11:00:00+00:00,,,,,,,,,,,,,,,
"Macskatápokat hívtak vissza, mert páncitopénia alakult ki az állatoknál",https://trello.com/c/614c43f92946793f2f519d5e,,,Nem tudom besorolni/Nem besorolható,Mikrobiológiai veszély,Mikotoxin,nem tudjuk a pontos veszélyt,#pancytopenia #petfood #cat,,,,EMM hírek,Médiából,Médiamegjelenés,,,,,,,,,Ismert veszély és megnövekedett kitettség,,Több információ szükséges,Továbbkerül az I. FÁZIS-ba,Nem igényel,Egészségügyi,6 hónap,,,,"Nem tudjuk a veszélyt, ezt idővel lehet változtatni kell, ha lesz több info.",2021-06-17T10:00:00.000Z,2021-07-09 10:00:00+00:00,,,,,Egyre növekszik a kedvtelésből tartott állatok megbetegedéseinek száma.,,,,,,,,,,
Essential oil-loaded nanofibers,https://trello.com/c/608804c414f1017add6aa602,Kész,,,,Nanotechnológia,Cytotoxicity: Potential harm to human cells.  Allergic Reactions: Risk of allergies or sensitivities.  Chemical Interactions: Adverse reactions with food components.  Inconsistent Release: Risk of overexposure due to variable release rates.  Ingestion Risks: Health issues if ingested accidentally.  Unknown Long-term Effects: Lack of research on long-term impacts.,#nanofibre #essentialoil,,true,,,Médiából,Publikáció,,,,,,,,,Új veszély,,Több információ szükséges,Továbbkerül az I. FÁZIS-ba,Nem igényel,,1 év,,,,,2021-04-13T10:00:00.000Z,2021-04-20 10:00:00+00:00,,,,,,,,,,,,,,,
Bacillus subtilis UD1022,https://trello.com/c/5f22bdbbc19a1d35269b0474,Kész,Kész (már volt EREN-en),Egyéb veszély,GMO,Mikrobiológiai veszély,"Technological developments (e.g. Bacillus subtilis) may entail unintended risks, in this case microbiological risks.",#salmonella #bacillus #bacillussubtilis,Több információ szükséges,true,Publikáció,EMM hírfigyelés,Médiából,Médiamegjelenés,true,,Nincs elég információ,Nincs elég információ,Nincs elég információ,2,4,6,Új veszély,Több információ szükséges,II. FÁZIS,Továbbkerül az I. FÁZIS-ba,Nem igényel,Egészségügyi,,,,,,,2020-07-22 10:00:00+00:00,,,,,,,,,,,,,,,
Use of novel substrates for rearing insects,https://trello.com/c/6459ff9d38d7f57facc0d428,,,,,Nem tudom besorolni/nem besorolható,"Allergen Transfer: There is a risk that allergens could be transferred through the insect rearing process.  Chemical Contaminants: Potential chemical contaminants that could be present include:  Heavy metals  Veterinary medicines  Pesticides  Persistent organic pollutants (e.g., dioxins)    Microbiological Contaminants: There is a risk of microbial contaminants, which could include mycotoxins.",#insectrearing #insect #allergen,Kiesik 3. (megfigyelés),,,EMM,Médiából,Médiamegjelenés,,,,Nincs elég információ,Nincs elég információ,2,Nincs elég információ,,Ismert veszély és megnövekedett kitettség,,II. FÁZIS,Továbbkerül az I. FÁZIS-ba,Nem igényel,Egészségügyi,3 hónap,,"sustainability, lack of protein",true,,,2023-04-25 10:00:00+00:00,,sustainability,,,using waste as insect rearing can be accompained by health risks,,,,,,,,,,
"Studies assess PFAS, OPEs, and plasticizers in paper & board",https://trello.com/c/63e20d28be9924dbc26038b4,,,,,Csomagolásból kioldódó anyag,"PFAS (Per- and Polyfluoroalkyl Substances):    Increased risk of cancer  Hormone disruption  Weakened immune system  Liver damage  Higher cholesterol levels     OPEs (Organophosphate Esters):    Neurotoxicity  Endocrine disruption  Respiratory issues     Plasticizers (e.g., Phthalates):    Reproductive toxicity  Hormone disruption  Increased cancer risk  Liver and kidney damage    These substances in paper and board materials can pose health risks through contact, ingestion, or inhalation.",#PFAS #OPE #plasticizer #migration #fcm #paper,III. FÁZIS,true,Publikáció,EMM,Médiából,Médiamegjelenés,,,3 (nem),3,Nincs elég információ,4,4,14,Ismert veszély és megnövekedett kitettség,,II. FÁZIS,Továbbkerül az I. FÁZIS-ba,Nem igényel,Egészségügyi,3 hónap,,sustainability,true,,,2023-02-02 11:00:00+00:00,,,,,,,,,,,,,,,
UK rethinks GM approval,https://trello.com/c/5ffd5f88b05f1b70f52c03cd,,,,,,,,,,,,,,,,,,,,,,,,,,,,1 év,,,,,,2021-01-12 11:00:00+00:00,,,,,,,,,,,,,,,
"New Research Reveals Pesticide Mixtures Widespread In Environment, Urging Enhanced Regulatory Measures",https://trello.com/c/65699ea7277a03313cdbff4e,,,,,Növényvédő szermaradék,Increased Toxicity  Endocrine Disruption  Neurotoxicity  Cancer Risk  Respiratory Problems  Immune System Suppression  Reproductive and Developmental Issues  Organ Damage  Allergic Reactions  These risks underscore the need for careful regulation and monitoring of pesticide mixtures to protect health.,#pesticides #persistent #environment,,,Egyéb,EMM,Médiából,Médiamegjelenés,,,1 (igen),3,Nincs elég információ,3,3,,Új bizonyíték veszély jellemzéséhez,,II. FÁZIS,Továbbkerül az I. FÁZIS-ba,Nem igényel,Egészségügyi,6 hónap,,,,,,2023-11-24 11:00:00+00:00,,,,,,,,,,,,,,,
Monkeypox,https://trello.com/c/628f5f18f21b1b28c241007f,,,,Vírus,Biológiai veszély,"The most common initial symptoms are fever, muscle pain, fatigue, and headache. After the appearance of the introductory symptoms, maculopapular rashes appear. The disease typically lasts 2-4 weeks. The patient is contagious from the onset of the initial symptoms through the various stages of skin manifestations until the scabs dry up and fall off.",#mpox #monkeypox #zoonosis,,,Publikáció,EMM,Médiából,Médiamegjelenés,,,,,,,,,Ismert veszély és megnövekedett kitettség,,Kiesik 2.,,Nem igényel,Egészségügyi,,Egyéb,"Climate change, environmental destruction",true,,2022-05-07T10:00:00.000Z,2022-05-26 10:00:00+00:00,,,,,"Although it is a known zoonosis, this is the first time that the virus spreads from person to person outside of Africa, and in many cases the patients did not visit an endemic area. The virus spreads through close contact between people. It is suspected that it can be spread by small rodents, e.g. rats and may even become endemic in Europe.",,,,,,,,,,
Peruvian company innovates sustainable packaging for export fruits,https://trello.com/c/647edad323cac3bd4e049b15,,,,,,"Material Safety: The virgin fibreboard must be free of harmful chemicals that could leach into the fruit and pose health risks to consumers.    Pathogen Inhibition: If the packaging fails to adequately inhibit pathogen growth, there is a risk of contamination and foodborne illness.    Moisture Resistance: Insufficient moisture resistance could lead to spoilage or mold growth, affecting both food safety and quality.    Allergen Contamination: If the packaging is not properly manufactured, there is a risk of cross-contamination with allergens.    Biodegradability Concerns: While aiming for sustainability, it’s crucial to ensure that biodegradable components do not degrade prematurely during the supply chain, which could compromise food safety.",#virgin fibreboard#sustainable packaging,,,,EMM,Médiából,,true,,,2,2,2,2,,Nem ER,,,Továbbkerül az I. FÁZIS-ba,,,6 hónap,,,,,,2023-05-30 10:00:00+00:00,,,,,,,,,,,,,,,
Uptake and Survival of African Swine Fever Virus in Mealworm and Black Soldier Fly Larvae,https://trello.com/c/63db740d6bc6c30ce92cd11f,,,,,Mikrobiológiai veszély,"Pathogen Transmission: Insects raised on substrates containing animal waste may harbor pathogens that can be transmitted to animals and humans. This is particularly concerning with viruses like the African swine fever virus (ASFV).    Virus Survival: Studies have shown that ASFV can survive in larvae such as the mealybug and black soldier fly. This poses a risk of spreading the virus to susceptible animals through consumption of these insects.    Food Safety: If insects are used as food or feed, there is a potential risk to the food chain if they carry pathogens from contaminated substrates.    Regulatory Concerns: Current regulations limit the use of animal by-products in insect farming due to these risks, necessitating thorough risk assessments and safety evaluations before any changes can be made.",#black soldier fly#slime pig#african swine fever,,,,EMM,Médiából,Publikáció,true,,,2,3,3,2,10,Ismert veszély és megnövekedett érzékenység,,,Továbbkerül az I. FÁZIS-ba,,,6 hónap,,,,,,2023-01-24 11:00:00+00:00,,,,,,,,,,,,,,,
Australia’s first genetically modified fruit sent for approval,https://trello.com/c/647edbb95d7bad9823d963cb,,,,,GMO,A GM plant that is under approval in Australia.,#banana #gm #fungus #panamadisease,,,,EMM,Médiából,Médiamegjelenés,,,,,,,,,Új veszély,,Kiesik 2.,Továbbkerül az I. FÁZIS-ba,Nem igényel,Gazdasági és egészségügyi,1 év,,,,"It is a new GM plant, there might be no risks, but the authorization will take time.",,2023-05-30 10:00:00+00:00,,"A species of fungus threatens the Cavendish banana, GM bananas are resistant to it.",,,,,,,,,,,,,
PESTICIDES USED IN EUROPE TURN OUT TO BE “ETERNAL POLLUTANTS”: NGOS MAKE DAMNING REVELATIONS IN A REPORT PUBLISHED THIS THURSDAY,https://trello.com/c/65699dd9e29990189288bd2d,,,,,Növényvédő szermaradék,"The health risks associated with pesticides containing PFAS in the EU include cancer, persistent contamination of food and water, increased use leading to environmental pollution, and the need for a complete ban on these chemicals to reduce risks and protect public health and the environment.",#PAN #PFAS #PFOS #pesticide,,,,EMM,Médiából,Médiamegjelenés,,,,Nincs elég információ,Nincs elég információ,Nincs elég információ,2,,Új bizonyíték veszély jellemzéséhez,,II. FÁZIS,Továbbkerül az I. FÁZIS-ba,Nem igényel,Egészségügyi,1 év,,,,,,2023-11-24 11:00:00+00:00,,,,,,,,,,,,,,,
Suspected edible oil contaminated with industrial  chemical substances,https://trello.com/c/674305fd2cbfd81735f7ed28,,,,Technológiai eredetű szennyezőanyag,Kémiai veszély,Contamination in edible oils due to malpractice in transfer,#edible #oil #contamination #malpractice #china #efsa #foodfraud,III. FÁZIS,,,EREN,Más külföldi intézménytől/szervezettől,,,,1 (igen),2,3,4,4,14,Ismert veszély és megnövekedett kitettség,III. FÁZIS,II. FÁZIS,Továbbkerül az I. FÁZIS-ba,,Gazdasági és egészségügyi,3 hónap,,,,,,2024-10-28 11:00:00+00:00,,Low transfer / quality assurance standars,,,Growing exposure compromises masses,,,,More information needed,,,,,,
Trifluoroacetic acid (TFA),https://trello.com/c/66dff8d9a3338a7e34e3a757,Kész,,,,,,,,true,,EMM,Médiából,,true,,,,,,,,,,,,,,1 hónap,,,,,,2024-09-03 10:00:00+00:00,,,,,,,,,ER (Action needed),,,,Kész,,
Risks related to probiotics,https://trello.com/c/66dffd2c9782d8921df22967,,,,,Mikrobiológiai veszély,The Food Safety Authority of Ireland (FSAI) has published a guidance on the safe use of probiotics in food supplements.,#Food Safety Autority of Ireland (FSAI) #guidance #probiotics #supplements,,,,EMM,Médiából,Médiamegjelenés,,,,,,,,,Új bizonyíték veszély jellemzéséhez,,Több információ szükséges,,Nem igényel,Egészségügyi,,,,,,,2024-09-03 10:00:00+00:00,,,,,,1.3.2 Microorganisms,"2.6 Food supplements, dietary foods and fortified foods",,,,,,,,
Foodborne infections caused by Edwardsiella tarda,https://trello.com/c/6743049cd8f28004c5633161,,,,Mikrobiológiai veszély,Baktérium,"New results highlighted the emerging foodborne pathogen Edwardsiella tarda, linked to aquaculture fish production and climate change, with growing concerns about its prevalence in seafood and human cases",#foodborne#infection#Edwardsiella#aquaculture#,,,,EREN,Más külföldi intézménytől/szervezettől,Publikáció,,,,,,,,,Ismert veszély és megnövekedett kitettség,,Több információ szükséges,Továbbkerül az I. FÁZIS-ba,,Egészségügyi,,,"Climate change, environmental pollution, aquaculture, globalization",,,,2024-10-28 11:00:00+00:00,,Due to climate change and shift in aquaculture production,,,This bacteria pose a significant public health risk.,1.3.2.1 Viruses,3.5 Fish and marine animals,8. Climate change,More information needed,,,"5.4 Increase in productivity from other primary production technologies (e.g. management practices, aquaculture)",,,
Authorities Track Animals from Sheep Pox Hotspot Hidden Away by Owners,https://trello.com/c/678f5be4498f890b47efc833,,,,Vírus,Mikrobiológiai veszély,"Sheep and goat pox (SGP) is a highly contagious viral disease caused by Capripoxvirus, leading to significant economic losses in livestock.",,,,Egyéb,EMM,Médiából,Publikáció,,,1 (igen),2,2,3,2,10,Ismert veszély és megnövekedett kitettség,,Több információ szükséges,Továbbkerül az I. FÁZIS-ba,,Gazdasági és egészségügyi,,Médiamegjelenés,Global trade,,More information needed about the prevalence of the virus in the effected countries,,2025-01-14 11:00:00+00:00,,Poor Official Veterinarian control,,,"Sheep and goat pox (SGP) is a highly contagious viral disease caused by Capripoxvirus, leading to significant economic losses in livestock. Endemic in parts of Africa, the Middle East, and Asia, it has recurrent outbreaks in Europe, including Greece and Bulgaria.",1.3.2.1 Viruses,3.1 Cattle and other domestic ruminants,1.4 Stagnating/decreasing levels of trust in public authorities,,,,2. Global trade,,,
Water bead-related emergency room visits increased nearly 131% in 1 year,https://trello.com/c/66e94307b9d24f7e59d8bfc0,,,,,Idegen anyag,Mistaken with food could cause severe gastrointestinal symptoms,#nonfood #waterbeads #safety,,,,EMM,Médiából,,,,,,,,,,Ismert veszély és megnövekedett kitettség,,Kiesik 2.,Továbbkerül az I. FÁZIS-ba,,Egészségügyi,,,Economical,,,,2024-09-10 10:00:00+00:00,,Ease of access,,,Occurence of similar cases indicates escalation,,,,,,,,,,
EU Food Safety Authority Identifies Safety Risks of Argon and Helium as Food Additives,https://trello.com/c/674da051b3b8af70d7e4c923,,,,Kémiai veszély,Adalékanyag,chemicals intentionally used in food production,#argon #helium #food additive #EFSA #assessment,,,,EMM,Médiából,,,,,,,,,,Nem ER,,Kiesik 2.,Továbbkerül az I. FÁZIS-ba,Nem igényel,Egészségügyi,,,,,"chemically inert gases, toxicological effects are not expected, according to the EFSA opinion",,2024-11-26 11:00:00+00:00,,,,,chemicals intentionally used in food production,1.2.5 Food additives,2 Food,,,,,,,,
Will the expiration dates on some products soon be ending?,https://trello.com/c/68356b5dc587f2693b8d635e,,,,Egyéb veszély,Mikrobiológiai veszély,"It is proposed in France that expiration dates are removed from certain food products labels, to avoid their throwing away, thereby reducing food waste.",#expiration #food waste,,,,EMM,Médiából,,,,,,,,,,Új veszély,,Kiesik 2.,Továbbkerül az I. FÁZIS-ba,Nem igényel,Egészségügyi,6 hónap,,,,"Removal of expiration dates would concern mostly dry food products, and not fresh products, for which these dates are necessary for consumer health. In addition this issue is due in France.",,2025-04-29 10:00:00+00:00,,,,,Removing expiration rates could potentially cause illness in case of foods which are spoiled past their due dates.,1.3.2 Microorganisms,2 Food,,,,,,,,
AMR content in petfood,https://trello.com/c/61373c93d3d8eb07dfc0d2e6,,,,,Mikrobiológiai veszély,Antibiotic-resistant Enterococci have been found in dog food and raw dog food.,#petfood #AMR #dog #enterococcus,Több információ szükséges,,,,Médiából,Publikáció,,,1 (igen),Nincs elég információ,Nincs elég információ,3,3,7,Ismert veszély és megnövekedett kitettség,,II. FÁZIS,Továbbkerül az I. FÁZIS-ba,Nem igényel,Egészségügyi,6 hónap,,,,More and more households have dogs and more and more people feed them raw.,2021-07-12T10:00:00.000Z,2021-08-01 10:00:00+00:00,,More and more households have dogs and more and more people feed them raw.,,,AMR and the growing problems with dog food.,,,,,,,,,Further studies and data are needed to clarify the links.,
Identification and Evaluation of (Non-)Intentionally Added Substances in Post-Consumer Recyclates and Their Toxicological Classification,https://trello.com/c/63fdc35bae49f7a57bbd97dd,,,,Csomagolásból kioldódó anyag,Kémiai veszély,(non-)intentionally added substances in post-consumer recyclates,#non-intentionally added substances (NIAS); #food packaging; #polymer contaminants; #recycling,,,Publikáció,EMM,Médiából,Médiamegjelenés,,,,,,,,,Új bizonyíték veszély jellemzéséhez,,II. FÁZIS,,Nem igényel,Egészségügyi,,,,,,,2023-02-21 11:00:00+00:00,,,,,,,,,,,,,,,
World Healt Organisation tells everyone to avoid sweeteners in new warning,https://trello.com/c/649547f6a28580f271702f80,,,,Kémiai veszély,Adalékanyag,WHO do not recommend the use of non-sugar sweeteners to control body weight or reduce the risk of non-communicable diseases,#WHO #non-sugar sweeteners,,,Publikáció,EMM,Médiából,Médiamegjelenés,,,3 (nem),3,Nincs elég információ,4,4,14,Új bizonyíték veszély jellemzéséhez,III. FÁZIS,II. FÁZIS,Továbbkerül az I. FÁZIS-ba,,Egészségügyi,,,,,,,2023-06-06 10:00:00+00:00,,,,,,,,,,,,,,,
"FDA Says Aspartame Is Safe, Disagreeing With WHO's Cancer Link",https://trello.com/c/64d1f3aa8bfe3643c8d4cb44,,,,Adalékanyag,Kémiai veszély,possible link between aspartame and liver cancer,#aspartame #liver cancer #safe within the approved limits,,,Publikáció,EMM,Médiából,Médiamegjelenés,,,1 (igen),Nincs elég információ,Nincs elég információ,4,4,9,Új bizonyíték veszély jellemzéséhez,,II. FÁZIS,,,,,,,,,,2023-08-01 10:00:00+00:00,,,,,,,,,,,,,,,
US researchers have identified more than half a hundred foreign compounds in mothers and newborns,https://trello.com/c/605b98929be2267164a2087b,,Kész (már volt EREN-en),,,Kémiai veszély,Several foreign chemical compounds have been identified in newborn babies.,#chemical exposures #newborn #pregnancy #,Kiesik 3. (megfigyelés),,,,Médiából,Publikáció,,,Nincs elég információ,Nincs elég információ,Nincs elég információ,3,4,,Ismert veszély és megnövekedett érzékenység,Kiesik 3. (megfigyelés),II. FÁZIS,Továbbkerül az I. FÁZIS-ba,Nem igényel,Egészségügyi,1 év,,,,There is no info on what exposure means and how it affects the developing organism.,,2021-03-01 11:00:00+00:00,,(new analytical technology?),,,"The entry of these substances into the fetus is certainly of interest, but more information is needed, both on exposure routes and on the potential effects of the substances.",,,,,,,,,"The entry of these substances into the fetus is certainly of interest, but more information is needed, both on exposure routes and on the potential effects of the substances.",
Updated risk assessment highlights the need for stricter regulation on MOH in food,https://trello.com/c/652790ea0c0762e1c6e8f784,Kész,,,,Kémiai veszély,MOH in food,"#mineral oil-saturated hydrocarbon (MOSH), #mineral oil aromatic hydrocarbon (MOAH)",,,Publikáció,EMM,Médiából,Médiamegjelenés,,,3 (nem),Nincs elég információ,Nincs elég információ,4,4,11,Új bizonyíték veszély jellemzéséhez,III. FÁZIS,II. FÁZIS,Továbbkerül az I. FÁZIS-ba,Nem igényel,Egészségügyi,,,,,,,2023-10-13 10:00:00+00:00,,,,,,,,,,,,,,,
One in 10 young people globally have used dud or harmful weight loss supplements to achieve toned physiques,https://trello.com/c/65b8b4f5074718bbd3d7f05e,,,,,Kémiai veszély,Adolescents using harmful weight loss suplements,#adolescents #weight loss suplements #Ozempic #Wegovy #childhood obesity,,,Publikáció,EMM,Médiából,Médiamegjelenés,,,3 (nem),Nincs elég információ,Nincs elég információ,4,4,11,Új veszély,III. FÁZIS,II. FÁZIS,,,Egészségügyi,,,,,,,2024-01-23 11:00:00+00:00,,,,,,,,,,,,,,,
Rise in pesticides in European fruit and vegetables,https://trello.com/c/62cd431a379e8e4f038f378c,Kész,,,,Növényvédő szermaradék,"Pesticides are carcinogenic, immunosupressive, genotoxic compounds.",#pesticide #report #PAN,,true,Médiamegjelenés,EMM,Médiából,Publikáció,true,Kommunikáció,3 (nem),Nincs elég információ,Nincs elég információ,4,4,,Ismert veszély és megnövekedett kitettség,III. FÁZIS,II. FÁZIS,Továbbkerül az I. FÁZIS-ba,Nem igényel,Egészségügyi,3 hónap,,nem megfelelő növényvédelem,true,,2011-08-03T10:00:00.000Z,2022-06-15 10:00:00+00:00,,nem megfelelő növényvédelem,,,,,,,,,,,,,
Researchers explore link between iron supplementation and Parkinson’s progression,https://trello.com/c/63c5be34904cc1013144c9de,,To Do,,,Kémiai veszély,damage to nervous system,#parkinson #iron #supplementation,,,Publikáció,EMM,Médiából,Médiamegjelenés,,,3 (nem),Nincs elég információ,Nincs elég információ,2,2,7,Új bizonyíték veszély jellemzéséhez,Több információ szükséges,II. FÁZIS,Továbbkerül az I. FÁZIS-ba,Nem igényel,Egészségügyi,3 hónap,,,,,,2023-01-10 11:00:00+00:00,,,,,,,,,,,,,,,
PFAS contamination from sea spray aerosols,https://trello.com/c/667aa89e8f4345d215e361d9,,,,Környezeti eredetű szennyezőanyag,Kémiai veszély,"PFAS are forever chemicals causing long-term health issues. This is a new route of exposure. PFAS have been linked to a number of adverse human health effects, including cancer, thyroid problems, and developmental problems in children",#PFAS #seaspray,,,Publikáció,EREN,Más külföldi intézménytől/szervezettől,Előadás,,,3 (nem),3,Nincs elég információ,Nincs elég információ,4,10,Új bizonyíték veszély jellemzéséhez,Kiesik 3. (megfigyelés),II. FÁZIS,Továbbkerül az I. FÁZIS-ba,Nem igényel,Egészségügyi,,,,,,,2024-05-23 10:00:00+00:00,,,,,,,,,,,,,,,
Singapore approves 16 species of insects including silkworms and grasshopper for human consumption,https://trello.com/c/646c7e0437171fcb85f4abce,,,,,,1.  Allergies: Some individuals may be allergic to certain insects used for food.     Contamination: Improper processing may lead to pathogen contamination.     Toxicity: Certain insects may contain toxins or allergens.     Digestive Issues: Insect consumption may cause digestive discomfort.     Unknown Health Risks: Long-term health effects of insect consumption are not fully understood.,#grasshopper #silkworm #insect #allergen,Több információ szükséges,,,EMM,Médiából,Médiamegjelenés,,,,,,,,,Új bizonyíték veszély jellemzéséhez,,II. FÁZIS,Továbbkerül az I. FÁZIS-ba,,,6 hónap,,"sustainability, food security",,,,2023-05-23 10:00:00+00:00,,,,,,,,,,,,,,,
Research shows vertical transmission of Salmonella Reading in breeders,https://trello.com/c/65f00eea518ec49f609de347,,,,,Mikrobiológiai veszély,"Salmonella Reading, a foodborn pathogen was found to be widespread in commercial turkey products, can colonize the reproductive tissues of breeder hens and be vertically transferred to eggs",#Salmonella Reading #foodborn pathogen #turkey #vertical transmission,,,Publikáció,EMM,Médiából,Médiamegjelenés,,,1 (igen),2,Nincs elég információ,4,4,11,Új bizonyíték veszély jellemzéséhez,III. FÁZIS,II. FÁZIS,Továbbkerül az I. FÁZIS-ba,,,,,,,,,2024-03-05 11:00:00+00:00,,,,,,,,,More information needed,,,,,,
Roasting can make sugar-free chocolate tastier,https://trello.com/c/621fcad013bba025d4b28be0,Kész,,,Technológiai eredetű szennyezőanyag,Kémiai veszély,"1. Acrylamide, Acrolein, and PAHs: Roasting dark chocolate at high temperatures can lead to the formation of harmful chemicals like acrylamide, acrolein, and polycyclic aromatic hydrocarbons (PAHs), which are known to be carcinogenic.     Potential Health Effects: Continuous exposure to these chemicals, even in small amounts, may pose health risks over time, especially with frequent consumption of dark chocolate roasted at higher temperatures.     Balancing Taste and Health: While modifying the taste of dark chocolate is important for consumer acceptance, it is crucial to minimize health risks by optimizing roasting processes to reduce the formation of harmful compounds.",#acrylamide #PAH #pyrazine #roasting #cocoa,III. FÁZIS,true,Publikáció,Ákos találta,Médiából,Médiamegjelenés,,,1 (igen),4,Nincs elég információ,Nincs elég információ,2,,Ismert veszély és megnövekedett kitettség,III. FÁZIS,II. FÁZIS,Továbbkerül az I. FÁZIS-ba,Nem igényel,Egészségügyi,6 hónap,,new consumer trends,,"new trend, increased exposure",2022-03-15T11:00:00.000Z,2022-03-15 11:00:00+00:00,,"lowering sugar consumption, new consumer trends",,,,,,,,,,,,,
"EFSA flags “likely” safety risk in sulfites, but more data needed",https://trello.com/c/63c5bedf9226e30079ef48ca,Kész,,,Természetben előforduló toxikus vegyület,Adalékanyag,"Health risks of high sulfite intake include safety concerns due to gaps in toxicity data, potential adverse effects on the central nervous system, and hypersensitivity or intolerance in sensitive individuals. Sulfites, found naturally in the body and in foods like apples and wine, are added to various food products as preservatives and antioxidants. EFSA couldn't establish an acceptable daily intake for sulfites and found that estimated intakes may exceed safe levels by up to 12.5% for children and up to 60% for adults. Further investigation is recommended on hypersensitivity reactions.",#riskassessment #sulfite #sulphite #dietaryintake,,true,Publikáció,EMM,Médiából,Médiamegjelenés,true,,1 (igen),3,3,4,4,16,Új bizonyíték veszély jellemzéséhez,III. FÁZIS,II. FÁZIS,Továbbkerül az I. FÁZIS-ba,Nem igényel,Egészségügyi,6 hónap,,,,,,2023-01-10 11:00:00+00:00,,,,,,,,,,,,,,,
MicroRNA in breast milk,https://trello.com/c/5f07134c52fe79281783a31d,Kész,Kész (már volt EREN-en),,,Genetikai anyag,"Based on aniaml studies miRNA can migrate in the body, e.g. to the brain. In addition, miRNA dysregulation has been associated with certain types of cancer.",#breast milk #miRNS #mRNS #gene expression,Kiesik 3. (megfigyelés),true,,EMM media monitoring,Médiából,Médiamegjelenés,true,Kommunikáció,3 (nem),Nincs elég információ,1,1,2,7,Új veszély,,II. FÁZIS,Továbbkerül az I. FÁZIS-ba,Nem igényel,Egészségügyi,1 hónap,,,,,2020-06-17T10:00:00.000Z,2020-07-01 10:00:00+00:00,Communication to EREN and on website.,We don't know much about the role of miRNA in breast milk and how it would work in infant formulas.,,,,,,,,,,,,,
Neonicotinoid thiacloprid – European Parliament forces European Commission to reconsider its position on tolerances for imported foodstuffs,https://trello.com/c/65c1f3d0e7e558545a33af7b,,,,,Növényvédő szermaradék,"Toxicity: Thiacloprid is known for its potential toxicity, which can pose health risks to consumers if residues are present in food.    Groundwater Contamination: Concerns about thiacloprid contaminating groundwater highlight potential long-term environmental and health impacts.    Unregulated Exposure: Inadequate border controls could lead to unregulated exposure to thiacloprid residues, increasing health risks.    Endocrine Disruption: Some neonicotinoids, including thiacloprid, have been associated with endocrine disruption, which can affect human hormone systems.    Consumer Safety: Ensuring zero tolerance and strict regulation is crucial to protect consumer safety and maintain fair competition for EU farmers.",#Neonikotinoid tiakloprid#peszticid,,,,EMM,Médiából,Médiamegjelenés,true,,,2,3,3,3,11,,,II. FÁZIS,,,,6 hónap,,,,,,2024-01-30 11:00:00+00:00,,,,,,1.2.3.1 Pesticide residues,2.1 Plants and Food of plant origin,2.1 Globalization of trade in food and feed,,,,,,,
"EU New Regulations Prohibit Monacolin K Health Claims for Red Yeast Rice, Monacolin K Health Claims Application Rejected",https://trello.com/c/66e943c25e8a6301a15927cb,,,,,Kémiai veszély,Prohibition of monacolin K health claims,#red yeast rice #monacolin K #maintenance of normal blood LDL-cholesterol concentrations,,,Publikáció,EMM,Médiából,Médiamegjelenés,,,3 (nem),Nincs elég információ,Nincs elég információ,4,4,11,Új bizonyíték veszély jellemzéséhez,III. FÁZIS,II. FÁZIS,,Nem igényel,Egészségügyi,,,,,,,2024-09-10 10:00:00+00:00,,,,,,1.3.2.3 Fungi,"2.6 Food supplements, dietary foods and fortified foods","6.2 Aging, more illness-prone population (in some areas)",,,,,,,
"Increased prevalence and host range observed on vector-transmitted bacteria Candidatus Arsenophonus phytopathogenicus and Candidatus Phytoplasma solani associated with the syndrome ""Basses Richesses"" in sugar beet",https://trello.com/c/67430abda80a25e5199588d2,,,,Mikrobiológiai veszély,Biológiai veszély,Sugar beet disease caused by pathogenic bacteria reducing sugar content and root yield,,,,,EREN STADG-ER,Más külföldi intézménytől/szervezettől,Publikáció,,,3 (nem),4,Nincs elég információ,4,4,15,Ismert veszély és megnövekedett kitettség,III. FÁZIS,II. FÁZIS,,Nem igényel,,,,,,,,2024-10-28 11:00:00+00:00,,,,,,1.3.2.2 Bacteria,"2.1.4 Tubers, starchy roots and sugar plants",8.4 Emerging biological threats,,,,,,,
Herbal preparations containing the ingredient Tongkat Alimay cause cancer,https://trello.com/c/6728a0f4b0acc33f2cf5b400,,,,,Kémiai veszély,Tongkat Ali root extract is genotoxic and can cause cancer,#Tongkat Ali (Eurycoma longifolia) #herbal preparation #genotoxicity,,,Publikáció,EMM,Médiából,Médiamegjelenés,,,3 (nem),3,Nincs elég információ,4,4,14,,,II. FÁZIS,,,,,,,,,,2024-11-04 11:00:00+00:00,,,,,,,2.1.11 Other plants,,,,,,,,
Call to reduce arsenic levels in food to fight cancer,https://trello.com/c/6419782fa238aed59f0f795e,To Do,,,,Környezeti eredetű szennyezőanyag,carcinogenic,#arsenic #maximumlimit #cancer #,,true,Médiamegjelenés,EMM,Médiából,Jogszabály,,,,,,,,,Új bizonyíték veszély jellemzéséhez,,Kiesik 2.,Továbbkerül az I. FÁZIS-ba,Nem igényel,Egészségügyi,3 hónap,,,,,,2023-03-21 11:00:00+00:00,,,,,,,,,,,,,,,
"‘Food fraud’: Police in Spain, Italy seize 260,000 litres of adulterated olive oil",https://trello.com/c/65a640f3f7dd099334e0c4df,To Do,,,,Kémiai veszély,"Lampante oil is a term used to describe a type of olive oil that is considered inedible or unfit for human consumption in its raw state due to its poor quality and strong, unpleasant taste.",#oliveoil #adulteration #lampanteoil,Kiesik 3. (megfigyelés),,,EMM,Médiából,Médiamegjelenés,,"Kommunikáció, Lakossági",1 (igen),2,2,4,3,12,Ismert veszély és megnövekedett kitettség,Kiesik 3. (megfigyelés),II. FÁZIS,Továbbkerül az I. FÁZIS-ba,Nem igényel,Gazdasági és egészségügyi,,,"Economic reasons, cliamte change",true,,,2024-01-09 11:00:00+00:00,,,,,,,,,,,,,,,
Monosodium Glutamate Intake and Risk Assessment,https://trello.com/c/649a9bd9158e3e438f7261c6,To Do,,,,Adalékanyag,"The dangers to human health of excessive MSG consumption have been repeatedly brought to the attention of researchers. Recent findings have shown that excessive MSG consumption can trigger obesity, reproductive diseases and neurological symptoms.",#monosodiumglutamate,Kiesik 3. (megfigyelés),,,EMM,Médiából,Publikáció,,"Kommunikáció, Lakossági",3 (nem),1,1,3,2,10,Új bizonyíték veszély jellemzéséhez,Kiesik 3. (megfigyelés),II. FÁZIS,Továbbkerül az I. FÁZIS-ba,Nem igényel,Egészségügyi,,,,,,,2023-06-23 10:00:00+00:00,,,,,,,,,,,,,,,
Cryptosporidium contamination of drinking water -  Potential for topic development,https://trello.com/c/674307803deadfdc2e9022d1,,,,Parazita,Mikrobiológiai veszély,Cryptosporidium is a parasite that causes gastrointestinal disease. It is linked to water sources and is both a foodborne and waterborne pathogen influenced by various environmental factors,#Cryptosporidium#waterborne#foodborne#disease,Több információ szükséges,,,EREN,Más külföldi intézménytől/szervezettől,Előadás,,,1 (igen),2,2,2,1,8,,,Több információ szükséges,Továbbkerül az I. FÁZIS-ba,,Egészségügyi,,,"Intensive agriculture, climate change",,It can cause outbreaks in developed countries,,2024-10-28 11:00:00+00:00,,,,,,1.3.3.1.1 Cryptosporidium,2.4.2.2 Water for human consumption (other),4.3 Increasing concentration and integration of food chain industries,More information needed,,,9.3 Increasing pressure on fresh water resources,,Additional information is need to better assess the current risk,
Potential foodborne transmission of Helicobacter pullorum,https://trello.com/c/67430aa96febe27263d7d734,,,,Baktérium,Mikrobiológiai veszély,"Helicobacter pullorum (H. pullorum) is an emerging foodborne pathogen that commonly colonizes the gastrointestinal tract of poultry, leading to gastroenteritis in poultry and humans as well",#Helicobacterpullorum# emergingfoodbornepathogen#zoonosis#poultry#poultrymeat,Több információ szükséges,,,EREN STADG-ER,Más külföldi intézménytől/szervezettől,Publikáció,,,1 (igen),2,3,3,3,12,Új veszély és szignifikáns kitettség,Több információ szükséges,II. FÁZIS,Továbbkerül az I. FÁZIS-ba,,Egészségügyi,,,"Poultry meat consumption, industrialized farming",,Emerging new threat to public health with substantial prevalence in poultry meat,,2024-10-28 11:00:00+00:00,,,,,Emerging new threat to public health,1.3.2.2.6a Helicobacter,2.2.1.1 Poultry meat and meat products,7.1 Increasing global demand for meat,,1.2.2.2.1 Bacterial toxins,3.4 Poultry,"4.2 Industrialisation of agriculture, from small-scale and subsistence farming to large agri-businesses",,"More information is needed as data remain limited. Evidence on the prevalence of this foodborne pathogen is available from only a few countries, and conclusions have been drawn based on relatively small sample sizes.",
European Commission Calls for Immediate Measures to Eradicate Outbreak of Ovine Rinderpest in Velingrad,https://trello.com/c/676185dce1ff7c8fa648e8f9,,,,Vírus,Mikrobiológiai veszély,"Peste des petits ruminants (PPR), also known as ovine rinderpest, is a highly contagious viral disease affecting sheep and goats. Classified as a Category A disease, which necessitates immediate eradication upon detection.",#Pestedespetitsruminants#ovinerinderpest#notifiabledisease#potencialepizootic,Több információ szükséges,,Jogszabály,EMM,Médiából,Médiamegjelenés,,,1 (igen),3,2,4,3,13,Ismert veszély és megnövekedett kitettség,Több információ szükséges,II. FÁZIS,Továbbkerül az I. FÁZIS-ba,,Gazdasági és egészségügyi,,Egyéb,Global trade,,Significant increase in number of outbreaks in the EU,,2024-12-17 11:00:00+00:00,,"Possibly lower biosecurity status of effected farms, lack of testing and poor diagnostics and official control measures",,,"Sporadic emergence of the disease in 3 EU contries (Bulgaria, Romania, Greece)",1.3.2.1 Viruses,3.1 Cattle and other domestic ruminants,4. Agro-food chain structures,,,,2. Global trade,,"Eradication programs have been initiated; however, the close proximity of the virus outbreaks to the European mainland is concerning.",
"The interplay between antimicrobial resistance, heavy metal pollution, and the role of microplastics",https://trello.com/c/67fcab7d377f5b33f7003c38,,,Mikrobiológiai veszély,Technológiai eredetű szennyezőanyag,Kémiai veszély,Environmental pollution with heavy metals and microplastics could enhance the global health challenge antimicrobial resistance.,#AMR#pollution#heavymetals#microplastics,Több információ szükséges,,,Frontiers,Szakfolyóiratból,Publikáció,,,1 (igen),3,3,4,2,13,Új bizonyíték veszély jellemzéséhez,Több információ szükséges,II. FÁZIS,Továbbkerül az I. FÁZIS-ba,,Egészségügyi,,,"Global pollution, overpopulation and overconsumption of goods",,"AMR is a known phenomenon, however there is a novel complex mechanism that facilitates the process of AMR",,2025-04-01 10:00:00+00:00,,,,,The role of microplastics in AMR is novel finding,1.2.1.1 Metals and ions,4. Food chain,6.1 Increasing global population,,1.2.1.4 Micro- and nanoplastic,,"4.2 Industrialisation of agriculture, from small-scale and subsistence farming to large agri-businesses",,There is currently little information about the complex interplay of heavy metals and microplastics in the enhancement of AMR,
Inorganic As in rice drinks - Finnish study,https://trello.com/c/6863d40b49ffd5f2644ed972,,,,Kémiai veszély,Környezeti eredetű szennyezőanyag,"iAs is a known carcinogen, and exposure may increase due to increased consumption of plant-based beverages, especially rice-drinks.",#rice drink #plant-based #arsenic #risk assessment,Több információ szükséges,,,EREN,Más külföldi intézménytől/szervezettől,,,,3 (nem),4,1,4,3,15,Ismert veszély és megnövekedett kitettség,Több információ szükséges,II. FÁZIS,Továbbkerül az I. FÁZIS-ba,Nemzetközi szinten,Egészségügyi,6 hónap,,consumer trends toward milk alternatives,,"iAs is a known carcinogen, and exposure may increase due to increased consumption of plant-based beverages, especially rice-drinks.",,2025-05-12 10:00:00+00:00,,"increased popularity of plant-based beverages, eg. rice-drink",,,"iAs is a known carcinogen, and exposure may increase due to increased consumption of plant-based beverages, especially rice-drinks.",1.2.1 Environmental contaminants,2.4.2.3 Other non-alcoholic beverages,,,,,,,the issue could be relevant in Hungary,
Rat Hepatitis E Virus (HEV) causing hepatitis in people,https://trello.com/c/683eb420ec0e8ff6e34b9b8c,,,,Vírus,Mikrobiológiai veszély,"Rocahepevirus ratti (HEV-C1) is an emerging zoonotic hepatitis E virus genotype carried primarily by rats, capable of infecting humans, especially causing severe disease in immunocompromised individuals, with suspected transmission via rodent contact, contaminated water, or food, including shellfish.",#HEV#HepatitisEvirus#rodents#mollusks,Több információ szükséges,,Egyéb,EREN,Más külföldi intézménytől/szervezettől,Publikáció,,,Nincs elég információ,3,1,3,2,,Új veszély,,II. FÁZIS,Továbbkerül az I. FÁZIS-ba,,Egészségügyi,,,Improved technological advancement,,Although new mode of transmission (foodborne route) was identified there are significant amount of questions regarding the exact transmission mechanism and origin of the virus,,2025-05-12 10:00:00+00:00,,Improved diagnostic capabilities,,,New findings of human infection with a HEV-C1 virus,1.3.2.1 Viruses,2.2.1.5 Seafood and seafood products,Unknown,,,,,,,
Risk of capsaicin,https://trello.com/c/66dffa98c6d0115fae3396df,,,,Driver,Allergén,"Consuming capsaicin in excessive amount leads to adverse reactions, allergy",#capsaicin #eatinghabits #hotfetish #ibd #ibs #gerd,Több információ szükséges,,Publikáció,EMM,Médiából,Médiamegjelenés,,,1 (igen),1,1,4,3,10,Ismert veszély és megnövekedett kitettség,,II. FÁZIS,Továbbkerül az I. FÁZIS-ba,,Egészségügyi,,,Megváltozó fogyasztói szokások,true,,,2024-09-03 10:00:00+00:00,,,,,https://www.researchgate.net/publication/363619340_Spicy_Food_and_Chili_Peppers_and_Multiple_Health_Outcomes_Umbrella_Review,,,,,,,,,,
An investigation finds lead in breast milk products supplied to newborns,https://trello.com/c/63db75352abda576ca2627a2,,,,Kémiai veszély,Környezeti eredetű szennyezőanyag,Dangers of online trade due to lack of control. Lead can cause nervous system problems.,#breast #milk #lead,III. FÁZIS,,,EMM,Médiából,,,,3 (nem),2,1,4,4,14,Új veszély,III. FÁZIS,II. FÁZIS,Továbbkerül az I. FÁZIS-ba,Nem igényel,Egészségügyi,,,,,"It seems that chemical contaminants in breast milk are not checked here, online black trade may also be relevant.",,2023-01-24 11:00:00+00:00,,,,,Dangers of online trade due to lack of control. Lead can cause nervous system problems.,,,,,,,,,"It seems that chemical contaminants in breast milk are not checked here, online black trade may also be relevant.",
Acrylamide contamination in plant-based protein ingredients: a growing concern,https://trello.com/c/64c8b4a69e78a0de1b48f18b,Kész,,,,Kémiai veszély,acrylamide contamination in commercially available plant-based protein ingredients,#plant-based protein ingredients (PBPIs) #acrylamide,,true,Publikáció,EMM,Médiából,Médiamegjelenés,true,,3 (nem),3,Nincs elég információ,4,4,14,Új veszély,III. FÁZIS,II. FÁZIS,,,,,,,,,,2023-07-18 10:00:00+00:00,,,,,,,,,,,,,,,
Watchdog warns against online-bought food supplements,https://trello.com/c/65f94a9ae7316cc72e32c80e,,,,,Kémiai veszély,Dietary supplements bought online can contain unclaimed ingredients which can cause adverse health effects,#dietary supplement #Somatomax #Ecdisten #growth hormon #adverse health effects #Arize Herbal Dietary Supplement capsules #Sustain capsule #Schwinnng capsule #Nortadalafil #Tadalafil #erectile dysfunction,III. FÁZIS,,,EMM,Médiából,Médiamegjelenés,,,3 (nem),2,Nincs elég információ,4,4,13,Új bizonyíték veszély jellemzéséhez,III. FÁZIS,II. FÁZIS,,,Egészségügyi,,,,,,,2024-03-12 11:00:00+00:00,,,,,,,,,,,,,,,
Gluten migration from biodegradable FCM: risks for celiac and allergy patients,https://trello.com/c/66714269f02046257f41a49f,,,,Allergén,Csomagolásból kioldódó anyag,"Wheat- or rye-based FCM contains gluten, an allergen not required by law to be labeled.",#FCM#Gluten#Allergy,III. FÁZIS,,Médiamegjelenés,EMM,,Publikáció,,,1 (igen),2,3,3,3,12,Új veszély,,II. FÁZIS,Továbbkerül az I. FÁZIS-ba,,Egészségügyi,,,"Sustainabillity, pollution",,Potencial risk for allergic individuals,,2024-06-18 10:00:00+00:00,,New materials for FCM currently without proper regislation,,,Allergen risk without regislation,,,,ER (Action needed),,,,,Due to the lack of regislation and increasing demand of biobased and biodegradable FCMs,
"Risks and legal aspects of CBD in food supplements, food products",https://trello.com/c/649a9b089ffde60fa2cee8aa,,,,Kémiai veszély,Természetben előforduló toxikus vegyület,"The health risks associated with CBD (Cannabidiol) in food and food supplements include:   Liver Injury: High doses of CBD can cause liver damage.  Drug Interactions: CBD can interact with other medications, potentially leading to adverse effects.  Gastrointestinal Issues: Some individuals may experience nausea, diarrhea, or changes in appetite.  Changes in Alertness: CBD may cause drowsiness or sleepiness, affecting alertness.  Mood Changes: There can be changes in mood, such as irritability or agitation.  Reproductive Concerns: The effects of CBD on pregnancy and fertility are not well understood and may pose risks.  Psychiatric Effects: In rare cases, CBD might cause symptoms like anxiety or depression.  These risks underscore the importance of consulting healthcare providers before using CBD products, especially for individuals with preexisting conditions or those taking other medications",#CBD #cannabidiol #foodsupplement,III. FÁZIS,,,,Médiából,Publikáció,,,3 (nem),3,Nincs elég információ,4,4,14,Ismert veszély és megnövekedett kitettség,,II. FÁZIS,Továbbkerül az I. FÁZIS-ba,Nem igényel,Gazdasági és egészségügyi,3 hónap,,"healthy lifestyle, need for natural products",,,2020-03-05T11:00:00.000Z,2023-07-05 10:00:00+00:00,,,,,,valami,valami,valami,,valami,valami,valami,,,
Chagas disease,https://trello.com/c/667a7bbb112e0c3e27464891,,,,,Parazita,"Chagas disease, caused by the parasite Trypanosoma cruzi, is a significant health concern primarily in South America. It can cause fever, headache, facial oedema and even cardiac and gastrointestinal dysfunction.",#Tcruzi#Chagasdisease#foodborne#vectorborne,III. FÁZIS,,Publikáció,EREN,Más külföldi intézménytől/szervezettől,Előadás,,,1 (igen),2,3,2,3,11,Ismert veszély és megnövekedett kitettség,,II. FÁZIS,Továbbkerül az I. FÁZIS-ba,,Egészségügyi,,,"climate change, global supply chain",,,,2024-05-23 10:00:00+00:00,,Climate change,,,New information about the disease,,,,,,,,,,
Heavy metals in baby food,https://trello.com/c/616ebce26252e93374c21696,Kész,,,Természetben előforduló toxikus vegyület,Kémiai veszély,"Various heavy metals, such as lead, cadmium, arsenic, mercury, which can cause nervous system damage and, with the exception of mercury, are carcinogenic.",#heavymetals #lead #arsenic #cadmium #mercury,III. FÁZIS,true,Egyéb,EMM hírfigyelés,Médiából,Médiamegjelenés,true,Kommunikáció,1 (igen),3,2,4,4,14,Ismert veszély és megnövekedett kitettség,Kiesik 3. (megfigyelés),II. FÁZIS,Továbbkerül az I. FÁZIS-ba,Nem igényel,Egészségügyi,,,,,Infants and small children are affected.,2021-03-16T11:00:00.000Z,2021-03-16 11:00:00+00:00,,,,,,,,,,,,,Kész,,
The Thermal Stability of Influenza Viruses in Milk,https://trello.com/c/6761450b461adddc2f9e0697,,,,,Vírus,"Highly pathogenic avian influenza viruses have been detected in raw milk from infected cows, which represents a significant public health risk.",#HPAI#Avianinfluenza#cattle#milk#epizootic,III. FÁZIS,,,EMM,Médiából,Publikáció,,,1 (igen),2,2,4,3,12,Új veszély és szignifikáns kitettség,III. FÁZIS,II. FÁZIS,Továbbkerül az I. FÁZIS-ba,,Gazdasági és egészségügyi,,,"Globalization, climate change, overpopulation",,There is a popular trend of raw cow milk consumption in the US.,2024-10-13T10:00:00.000Z,2024-12-10 11:00:00+00:00,,Avian virus spillover to domesticated mammals,,,HPAI viruses in raw cow milk represent a new public health risk,1.3.2.1 Viruses,2.2.2 Milk and milk products,8.4 Emerging biological threats,,,3.1 Cattle and other domestic ruminants,7. Consumer attitudes,,It represents a significant to the general population if they consume raw or pasteurized cow milk,
Antibacterial nanotexture for plastic packaging inspired by insect wings,https://trello.com/c/627a194041fd7f814023effb,,,,,,no hazard associated,#nano #packaging nano#nanotechnology #insectwing,,true,,EMM,Médiából,Publikáció,,,,,,,,,Nem ER,,,Továbbkerül az I. FÁZIS-ba,,,,,,,,,2022-05-28 10:00:00+00:00,,,,,,,,,,,,,,,
"Infant antibiotics tied to eczema, asthma, food allergies",https://trello.com/c/650c3d634a07b8acbed9179c,Kész,,,,Kémiai veszély,"Infant antibiotics tied to eczema, asthma, food allergies","#antibiotics, #eczema, #asthma, #food allergies",,true,Publikáció,EMM,Médiából,Médiamegjelenés,true,,3 (nem),3,Nincs elég információ,4,4,14,Új bizonyíték veszély jellemzéséhez,III. FÁZIS,II. FÁZIS,,,,,,,,,,2023-09-15 10:00:00+00:00,,,,,,,,,,,,,,,
Pesticide exposure of farm workers,https://trello.com/c/621e2fa4b4742a7d121970b7,To Do,Folyamatban,,,Növényvédő szermaradék,"chemical contaminant causing Parkinsons disease, cancer, genotoxic",#pesticide #farmworker,III. FÁZIS,true,Publikáció,EMM,Médiából,Médiamegjelenés,,,3 (nem),4,2,4,4,17,Új bizonyíték veszély jellemzéséhez,,II. FÁZIS,Továbbkerül az I. FÁZIS-ba,Nem igényel,Gazdasági és egészségügyi,6 hónap,,növényvédőszergyártók hasznoszerzése,true,,,2022-04-05 10:00:00+00:00,,,,,,,,,,,,,,,
Tara flour as cause of illnesses,https://trello.com/c/62fb690a90107e1fcd1e2869,,,,,Nem tudom besorolni/nem besorolható,unknown compound in tara flour causing illness,#tara #flour,Kiesik 3. (megfigyelés),true,,EMM,Médiából,,,,3 (nem),3,2,4,3,15,Új veszély,Kiesik 3. (megfigyelés),II. FÁZIS,Továbbkerül az I. FÁZIS-ba,Nem igényel,Egészségügyi,6 hónap,,,,"Tara seed flour, an unknown ingredient that causes serious illnesses, is also an approved additive in Europe (E417)",2022-06-01T10:00:00.000Z,2022-08-03 10:00:00+00:00,,,,,"Tara seed flour, an unknown ingredient that causes serious illnesses, is also an approved additive in Europe (E417)",,,,,,,,,"We do not know which ingredient causes the disease, but tara flour is also an approved additive in our country (Europe).",
DEFRA approves field trial of a genetically modified wheat with lower asparagine content,https://trello.com/c/61643aec0080c12ebc2a942f,Kész,Kész (már volt EREN-en),,,GMO,Gene editing might have some unintentional consequences.,#asparagine #acrylamide #gmo #crispr #wheat,Több információ szükséges,true,,EMM hírfigyelés,Médiából,Médiamegjelenés,true,Kommunikáció,3 (nem),Nincs elég információ,Nincs elég információ,1,Nincs elég információ,4,Új veszély,,II. FÁZIS,Továbbkerül az I. FÁZIS-ba,Nem igényel,Gazdasági és egészségügyi,1 év,,,,"This is a new genetic modification, we don't know what other effects it might have. There is not enough information available at this time to evaluate it.",2021-09-02T10:00:00.000Z,2021-10-11 10:00:00+00:00,Communication towards EREN and the public has been done.,,,,,,,,,,,,,,
Euphorics,https://trello.com/c/5f8d4f7771c0c58360ee78f2,Kész,Kész (már volt EREN-en),,Kémiai veszély,Természetben előforduló toxikus vegyület,Risks:  unsupported claims  unknown exact composition  undefined side effects.,#nootropics #smartdrugs #euphorics #gaba,,true,,,Médiából,,true,Kommunikáció,3 (nem),Nincs elég információ,1,2,4,10,Új veszély,Kiesik 3. (megfigyelés),II. FÁZIS,Továbbkerül az I. FÁZIS-ba,Nem igényel,Egészségügyi,,,Fogyasztói attitűd változás: alkohol helyett alternatívák keresése,true,"Potentially there could be new hazards and increased exposure. Currently only available in the US, not yet released in the EU, will not be approved for the time being.",,2020-04-30 10:00:00+00:00,Communication towards EREN and consumers has been done.,,,,,,,,,,,,,,
EFSA raises concerns over genotoxicity in smoke flavorings,https://trello.com/c/657c11dfa5c8f409d01f1d44,,,,,Adalékanyag,genotoxicity in smoke flavorings,"#smoke flavouring, #genotoxicity",,true,Publikáció,EMM,Médiából,Médiamegjelenés,,,3 (nem),Nincs elég információ,Nincs elég információ,4,4,11,Új bizonyíték veszély jellemzéséhez,III. FÁZIS,II. FÁZIS,,,Egészségügyi,,,,,,,2023-12-08 11:00:00+00:00,,,,,,,,,,,,,,,
Bacillus cytotoxicus,https://trello.com/c/646c9b82217ec9be35e7457c,Kész,,,Mikrobiológiai veszély,Baktérium,Bacillus cytotoxicus food poisoning,"#Bacillus cytotoxicus, #diarrhea, #enterotoxin, #theromtolerant",,true,,EREN 2023/1,Más külföldi intézménytől/szervezettől,Publikáció,,,3 (nem),2,Nincs elég információ,4,4,13,Új veszély,III. FÁZIS,II. FÁZIS,Továbbkerül az I. FÁZIS-ba,Nem igényel,Egészségügyi,,,,,,,2023-05-03 10:00:00+00:00,,,,,,,,,,,,,,,
Q-fever possible increase in the exposure,https://trello.com/c/667149e2a8e3d3f0da6cd411,,,,Környezeti eredetű szennyezőanyag,Baktérium,"Vaccination: The Q-VAX® vaccine is a safe and effective way to prevent Q fever infection. Individuals at high risk of exposure, such as those working in occupations with increased exposure to infected animals, should consider getting vaccinated.    Personal Protective Equipment (PPE): Use appropriate PPE, such as gloves, masks, and protective clothing, when working with animals or in environments where exposure to contaminated materials is possible.    Hygiene Practices: Maintain good hygiene practices, including regular handwashing with soap and water, especially after handling animals or animal products.    Avoiding High-Risk Activities: Minimize activities that increase the risk of exposure to Coxiella burnetii, such as being present during animal births or handling contaminated materials without protection.    Environmental Controls: Implement measures to control dust and aerosolized particles that may contain the bacteria, such as proper ventilation and cleaning protocols in animal housing facilities.",#Q-VAX® vaccine#Personal Protective Equipment (PPE)#Hygiene practices#High-risk activities#Environmental controls#Coxiella burnetii#Animal exposure,,true,Publikáció,EREN,Más külföldi intézménytől/szervezettől,Előadás,true,,,3,3,4,3,13,Ismert veszély és megnövekedett kitettség,,II. FÁZIS,,,Gazdasági és egészségügyi,1 év,,,true,,,2024-05-23 10:00:00+00:00,,,,,,1.3.2.2.9  Coxiella,3.1 Cattle and other domestic ruminants,8. Climate change,,,2.2.2 Milk and milk products,4.2 Industrialisation of agriculture,,,
Report: The state of soils in Europe,https://trello.com/c/678f5da3a6b66a94e221b544,,,,,Egyéb,"Food Safety and Quality: The presence of pesticide residues and other pollutants in agricultural soils can lead to contaminated food products, posing risks to human health through the consumption of unsafe crops.    Nutrient Imbalance: Excessive nitrogen and phosphorus inputs can contribute to nutrient imbalances in food, potentially impacting human health through issues like increased risk of certain diseases or dietary deficiencies.    Water Quality: Soil degradation can lead to increased runoff and erosion, which may contaminate water sources with pollutants. This can affect drinking water quality and contribute to waterborne diseases.    Ecosystem Health: Degraded soils can harm biodiversity and disrupt ecosystems. This can have indirect health effects, as healthy ecosystems are essential for services like pollination and pest control.    Air Quality: Soil erosion can lead to dust and particulate matter being released into the air, which can contribute to respiratory issues and other health problems.    Social Impacts: Soil degradation can exacerbate socio-economic disparities, leading to food insecurity and health disparities in vulnerable populations.",#SoilDegradation #Europe #WarfareImpacts #Ukraine #JointResearchCentre #JRC #EuropeanEnvironmentAgency #EEA #PolicyMeasures #SoilMonitoring #SustainableLandManagement #CrossSectoralCollaboration #SoilFriendlyPractices #NitrogenInputs #PhosphorusSurpluses #PesticideResidues #SoilSealing #KnowledgeGaps #PublicEngagement #ResearchAndInnovation #EnvironmentalConcerns #SoilResilience,,true,,EMM,Médiából,,,,,4,3,4,4,15,Ismert veszély és megnövekedett érzékenység,,II. FÁZIS,,,Gazdasági és egészségügyi,,,,,,,2025-01-14 11:00:00+00:00,,,true,,,1 Safety,2.1 Plants and Food of plant origin,8. Climate change,,1.2.2 Agricultural contaminants,2.2 Food of animal origin,9.2 Increasing scarcity of fertile soils,,,
Analysis of uptake of tralopyril and transformation products in salmon exposed to tralopyril coated net pen,https://trello.com/c/67430d4d245867fb34a252d3,,,,,Kémiai veszély,"Bioaccumulation in Fish: Tralopyril and its degradation products can accumulate in the muscle tissue of salmon, raising concerns about residue levels in the fish consumed by humans.    Food Safety: The lack of established maximum residue limits (MRLs) for tralopyril complicates risk assessments for human consumption, potentially exposing consumers to unsafe levels of the chemical.    Transformation Products: The presence of transformation products like HTFCCP, which may have unknown toxicological effects, adds uncertainty regarding the overall safety of salmon exposed to tralopyril.    Chemical Exposure: The possibility of tralopyril leaching into surrounding water can impact the broader ecosystem, which may, in turn, affect human health via contaminated water sources or other aquatic species consumed by humans.    Ecotoxicological Risks: Increased use of tralopyril may pose risks to non-target aquatic organisms, potentially disrupting ecosystems that indirectly affect human health through biodiversity loss or alterations in food chains.",#tralopyril #aquaculture #bioaccumulation #salmon #antifouling #food safety #environmental impact #transformation products #maximum residue limits #analytical methods,,true,,EMM,Médiából,Médiamegjelenés,,,,2,3,3,3,11,Ismert veszély és megnövekedett érzékenység,,II. FÁZIS,,,,,,,,,,2024-11-18 11:00:00+00:00,,,,,,1. Chemical Hazards,2.2.1.4 Fish and Fish Products,2.5 Increasing Cooperation in Setting Standards for Safe Food,More information needed,,2.2.1.5 Seafood and Seafood Products,4.2 Industrialisation of Agriculture,,,
Will the world accept that biodiversity loss is just as big an existential threat as global warming?,https://trello.com/c/63cf9d2dd115926085380788,Kész,,,,Biológiai veszély,"Spread of Diseases: Disrupted ecosystems can lead to increased contact between humans and wildlife, potentially spreading zoonotic diseases (e.g., COVID-19, Ebola).    Food Security: Biodiversity is crucial for agriculture. Loss of species can lead to reduced crop variety and resilience, impacting food supply and nutrition.    Water Quality: Healthy ecosystems, like wetlands and forests, play a vital role in water purification. Their degradation can lead to poor water quality and associated health issues.    Air Quality: Loss of vegetation, especially forests, can reduce air quality, increasing respiratory diseases.    Medicinal Resources: Many medicines are derived from plants and animals. Biodiversity loss can limit the discovery of new medical treatments.    Mental Health: Nature and biodiversity have been linked to improved mental well-being. Their decline can negatively impact mental health.",#biodiversity#extinction#Cop15#genetic resources,,true,,EMM,Médiából,Médiamegjelenés,true,,,3,,,,,Nem ER,,,Továbbkerül az I. FÁZIS-ba,,,,,önmaga egy driver,,,,2023-01-17 11:00:00+00:00,,,true,,,Agricultural Contaminants (1.2.2),2.1 Plants and Food of plant origin,9.5 Diminishing biodiversity and ecosystem services,,Pesticide Residues (1.2.3.1),2.2.1.4 Fish and fish products,8. Climate change,,,
Antibiotic Residues in UK Foods: Exploring the Exposure Pathways and Associated Health Risks,https://trello.com/c/65f00f1cb1b3f950f5ea0212,,,,,Állatgyógyászati szermaradék,"Antibiotic Resistance: Consuming antibiotics in food can contribute to the development of antibiotic-resistant bacteria, making infections harder to treat.    Allergic Reactions: Some individuals may experience allergic reactions to antibiotic residues in food.    Microbiome Imbalance: Regular exposure to antibiotics can disrupt the balance of beneficial bacteria in the human gut, potentially leading to digestive issues and weakened immune function.    Toxicity: High levels of antibiotic residues may lead to toxic effects, particularly if the acceptable daily intake levels are exceeded.    Public Health Impact: Widespread antibiotic use in food production can have broader public health implications, increasing the burden of resistant infections and healthcare costs.",#antibiotic residues#amoxicillin#ampicillin#enfloxacin,,,,EMM,Szakfolyóiratból,Publikáció,,,,3,4,3,3,13,Ismert veszély és megnövekedett kitettség,,II. FÁZIS,,,,,,,,,,2024-03-05 11:00:00+00:00,,,,,,1.2.3.2 Residues of veterinary medicinal products,2.2 Food of animal origin,4.2 Industrialization of agriculture,,,,,,,
How the FDA lets chemicals pour into America's food supply,https://trello.com/c/68074c42e83f3aa35cf11612,,,,Kémiai veszély,Adalékanyag,"A range of food ingredients and additives can be found on the US market, which have not undergone FDA review and may pose health risks to consumers. It is a problem of the regulatory system, which needs to be solved centrally.",#FDA #additives #USA #GRAS,,true,,EMM,Médiából,,,,,,,,,,Nem ER,,Kiesik 2.,Továbbkerül az I. FÁZIS-ba,Nem igényel,Egészségügyi,,,,,"The issue is not ER, this is a concern of the US food control system.",,2025-04-15 10:00:00+00:00,,,,,"A range of food ingredients and additives can be found on the US market, which have not undergone FDA review and may pose health risks to consumers. It is a problem of the regulatory system, which needs to be solved centrally.",1.2.5 Food additives,2 Food,,,2.1 Composition,,,,,
Burkholderia Risks in Home-Fermented Foods,https://trello.com/c/683ebd2d658aa3ea604d8f53,,,Kémiai veszély,Baktérium,Természetben előforduló toxikus vegyület,"The bacterium Burkholderia cocovenenans produces bongkrekic acid (BA) during fermentation, which impairs mitochondrial ATP production and causes fatal disease in 6-100% of documented cases.",#Burkholderia #home-fermenting #climate change #bongkrekic acid,III. FÁZIS,true,,EREN,Más külföldi intézménytől/szervezettől,,,,3 (nem),4,2,4,3,16,Új veszély,III. FÁZIS,II. FÁZIS,Továbbkerül az I. FÁZIS-ba,Nem igényel,Egészségügyi,,,climate change,,"The bacterium Burkholderia cocovenenans produces bongkrekic acid (BA) during fermentation, which impairs mitochondrial ATP production and causes fatal disease in 6-100% of documented cases. Awareness (both consumer and clinician) is low and detection methods are scarce.",,2025-05-12 10:00:00+00:00,,"Climate change favoring the production of the toxin, and increasing consumer trends towards home-fermentation.",,,"The bacterium Burkholderia cocovenenans produces bongkrekic acid (BA) during fermentation, which impairs mitochondrial ATP production and causes fatal disease in 6-100% of documented cases.",1.2.2.2.1 Bacterial toxins,"2.8 Prepared foods, dishes, snacks and sauces",,,,2 Food,,,"The bacterium Burkholderia cocovenenans produces bongkrekic acid (BA) during fermentation, which impairs mitochondrial ATP production and causes fatal disease in 6-100% of documented cases. Awareness (both consumer and clinician) is low and detection methods are scarce.",
EU bureaucrats spark fury after warning coffee is 'DANGEROUS' to humans and ban caffeine in pesticides,https://trello.com/c/67f4d91d16a43d6959b2b731,,,,Növényvédő szermaradék,Kémiai veszély,"Caffeine is harmful in high doses, however, coffee is a popular drink and has beneficial health effects in moderate amounts.",#caffeine #pesticide #coffee,,true,,EMM,Médiából,,,,,,,,,,Nem ER,,Kiesik 2.,Továbbkerül az I. FÁZIS-ba,Nem igényel,Egészségügyi,,,,,"The EFSA did not support the use of high dose caffeine as a pesticide, and so the Commission did not approve the application.",,2025-03-11 11:00:00+00:00,,,,,"Caffeine is harmful in high doses, however, coffee is a popular drink and has beneficial health effects in moderate amounts.",1.2.3.1 Pesticide residues,2.1.3 Vegetables and vegetabel products,,,,"2.1.4 Tubers, starchy roots and sugar plants",,,,
Citrinins - new detection methods,https://trello.com/c/674306a0bc24863b79096bfa,,,,Kémiai veszély,Mikotoxin,citrinins pose potential health risk due to their suspected carcinogenic properties and toxicity to the kidney and liver.,#citrinin #mycotoxin #analytical challenge #modified forms,,true,,EREN,Más külföldi intézménytől/szervezettől,,,,,,,,,,Új bizonyíték veszély jellemzéséhez,,Több információ szükséges,Továbbkerül az I. FÁZIS-ba,Nem igényel,Egészségügyi,,,climate change,true,"This work adds information on occurrence data of citrinins in real samples. While citrinin is a known toxin, it is yet unclear how the modified forms contribute to the overall health burden.",,2024-10-28 11:00:00+00:00,,,,,citrinins pose potential health risk due to their suspected carcinogenic properties and toxicity to the kidney and liver,1.2.2.2.4 Mycotoxins,2.1 Plants and Food of plant origin,8. Climate change,,,1 Feed,,,,
Threats to the Mercosur agreement,https://trello.com/c/67fcac7c821567abd877352f,,,Baktérium,Vírus,Növényvédő szermaradék,"Hazard Identification:   Presence of pesticide residues (e.g., banned pesticides) in poultry products.    Microbiological hazards such as Salmonella and other pathogens.    Potential contamination with chemical residues like chlorinated chemicals.    Biosecurity threats such as avian influenza virus.   Likelihood of Occurrence:   High likelihood of contaminated poultry shipments due to inadequate controls and inspections in exporting countries.    Increased risk of pathogen transmission due to the volume of imports and safety concerns.   Exposure:   Consumers in the EU exposed through consumption of imported poultry meat.    Workers and handlers may be at risk during processing and transportation.   Severity of Impact:   Food safety hazards can cause foodborne illnesses, impacting public health.    Chemical residues may pose health risks, especially with chronic exposure.    Biosecurity risks like avian influenza could threaten local poultry industries and economies.   Control Measures and Uncertainty:   Inspection and monitoring are challenging to implement on every shipment, leading to uncertainty about the safety of all imported products.    Differences in safety standards and enforcement between exporting and importing countries.   Vulnerabilities:   Increased import volumes from Mercosur countries can overwhelm inspection systems.    Existing sanitary concerns and alerts indicate vulnerabilities in current safety controls.   Potential for Spread:   Pathogens like Salmonella and avian influenza can spread easily through international trade, affecting multiple regions.",#EUMercosurAgreement #PoultrySector #Avianza #FoodSafety #RASFF #BrazilianPoultry #BannedPesticides #Salmonella #AvianInfluenza #EuropeanCommissionAudit #RabobankReport #TradeIncrease #SanitaryControls #LocalProduction #ConsumerHealth #Competitiveness #QualityCertification,,,,EMM,Médiából,Médiamegjelenés,,,,3,3,3,3,12,Ismert veszély és megnövekedett kitettség,,,,,Gazdasági és egészségügyi,,,,,,,2025-04-08 10:00:00+00:00,,,true,,,1.2.3.1 Pesticide residues,3.4 Poultry,2.1 Globalization of trade,,1.3.2.2 Bacteria,,Consumer attitudes,,,
"Anti-cholesterol supplements, the European Commission intervenes: “Limit the dosages, they can give side effects”",https://trello.com/c/63c5be0d6e1f1302ed3a926a,,,,,Kémiai veszély,"Side Effects: Monacolin and lovastatin share the same side effects, which include:    Muscle pain and weakness (myopathy)  Liver damage  Headaches  Gastrointestinal issues  Skin reactions  Problems affecting connective tissue and the nervous system    Lack of Medical Supervision: Since these supplements are available without a prescription, consumers may not receive the necessary medical guidance to identify and manage potential side effects or interactions with other medications.    Dosage Risks: Without regulation, consumers might inadvertently consume doses higher than recommended, increasing the risk of adverse effects. The new regulation aims to mitigate this by limiting daily intake to under 3 mg of monacolin.    Interactions with Other Medications: Monacolin can interact with other drugs, potentially leading to harmful effects, which might not be monitored without medical oversight.    Quality and Consistency: Supplements can vary in monacolin content, leading to inconsistent dosing and effectiveness, unlike prescription medications which have strict quality controls.    The European Commission’s regulation emphasizes the importance of consumer awareness and the need for caution when using these supplements, highlighting the necessity of consulting healthcare professionals.",#anticholesterol#monacolin#lovastatin#EU Commission#new regulation#red yeast rice,,,,EMM,Médiából,Médiamegjelenés,true,,,2,3,3,3,11,Új bizonyíték veszély jellemzéséhez,,II. FÁZIS,Továbbkerül az I. FÁZIS-ba,,Egészségügyi,1 év,,,,,,2023-01-10 11:00:00+00:00,,,,,,1.2.2.2 Toxins,"2.6 Food supplements, dietary foods, and fortified foods",3.6 Food fraud,,,,,,,
Bysphenol A new risk assessment,https://trello.com/c/629f429f1fda854c84ab68d8,Kész,,,,,"1.  High exposure levels: Studies conducted in European countries found that exposure to BPA was well above acceptable safety levels, with up to 100% of participants likely being exposed to BPA above safe health levels.     Potential adverse health effects: BPA has been linked to various health concerns, including potential hormone disruption and other adverse effects on human health.",#Bisphenol #bisphenolA #biszfenol,,true,,EREN 2022/II,Más külföldi intézménytől/szervezettől,,true,,,,,,,,,,,,,,6 hónap,,,,,,2022-05-11 10:00:00+00:00,,,,,,,,,,,,,,,
Nitrogen inhibitors,https://trello.com/c/668d1c48a28588f67dc7f590,,,,,Kémiai veszély,"Dual role: Mitigate emissions but introduce new chemical residues.  Variable toxicity: E.g., bromoform (carcinogenic) vs. 3-NOP (low acute toxicity).",,,,,EREN,Más külföldi intézménytől/szervezettől,,,,,2,3,4,4,13,,,,,,,,,,,,,2024-05-23 10:00:00+00:00,,,,,,1.2.2.2 Toxins,1.2 Feed additives,8. Climate change,,,,.2 Industrialisation of agriculture,,,
Increase of fish parasites,https://trello.com/c/60363bd9471b722b407c26e1,Kész,,,,Parazita,"Zoonotic helminth parasite, in humans The larvae penetrate the stomach wall, causing symptoms within minutes or hours of consumption: abdominal pain, nausea, vomiting. A less common parasitic condition is gnathostomiasis, in which the larva wandering in the skin causes symptoms, intestinal capillariasis, and paragonimiasis (lung fluke disease).",#anisakis #parasite #fishparasite #scallop,,true,,EREN short issues 2020 november,Más külföldi intézménytől/szervezettől,Publikáció,,Kommunikáció,1 (igen),3,Nincs elég információ,3,4,11,Ismert veszély és megnövekedett kitettség,III. FÁZIS,II. FÁZIS,Továbbkerül az I. FÁZIS-ba,Nem igényel,Egészségügyi,,,klímaváltozás,true,,2020-11-02T11:00:00.000Z,2020-11-02 11:00:00+00:00,,"klímaváltozás, új gazdaszervezet",,Nébih,,,,,,,,,Kész,,
Shiga Toxin-Producing Escherichia albertii,https://trello.com/c/5e3134f96bd4516943859a07,,Kész (már volt EREN-en),,,Mikrobiológiai veszély,"E. albertii was misidentified as E. coli. Basically this is not a problem, we will identify it because of shiga toxin genes.","STEA, E. albertii, leafy green",,,,IAFP konferencia absztrakt bírálat során jött elő,Konferencián,Nincs,,Kommunikáció,1 (igen),4,Nincs elég információ,Nincs elég információ,3,8,Új veszély,,II. FÁZIS,Továbbkerül az I. FÁZIS-ba,Nem igényel,Egészségügyi,6 hónap,,,,"We do not know the growth and mortality parameters of E. allbertii, its pathogenicity, it has been classified as emerging issuen by EREN",2020-03-01T11:00:00.000Z,2020-01-30 11:00:00+00:00,,"We do not know the growth and mortality parameters of E. allbertii, its pathogenicity, it has been classified as emerging issuen by EREN",,,,,,,,,,,Kész,"Not enough info, we need data on occurrence, route of infection and the microbe itself.",
